Gen,Best,Worst,Avg,Timestamp
0,13.96108,13.96108,13.96108,2017-12-05 07:40:56
1,13.60693,14.13762,13.85768,2017-12-05 07:41:00
2,13.41794,14.12449,13.75717,2017-12-05 07:41:04
3,13.09680,14.13727,13.67546,2017-12-05 07:41:07
4,13.07165,14.26261,13.61913,2017-12-05 07:41:11
5,13.04428,14.14638,13.56312,2017-12-05 07:41:15
6,12.99386,14.06003,13.50134,2017-12-05 07:41:18
7,12.78309,13.97595,13.42790,2017-12-05 07:41:22
8,12.74705,13.98678,13.36974,2017-12-05 07:41:25
9,12.68674,14.07595,13.31105,2017-12-05 07:41:29
10,12.48551,13.96791,13.22658,2017-12-05 07:41:33
11,12.45583,13.94376,13.16201,2017-12-05 07:41:36
12,12.25057,13.92416,13.09174,2017-12-05 07:41:40
13,12.04578,14.01316,13.03146,2017-12-05 07:41:44
14,12.04578,13.97650,12.93793,2017-12-05 07:41:47
15,12.04578,13.89393,12.85530,2017-12-05 07:41:51
16,12.04516,13.60103,12.73721,2017-12-05 07:41:55
17,11.99737,13.48965,12.67705,2017-12-05 07:41:58
18,11.89085,13.64499,12.65029,2017-12-05 07:42:02
19,11.70076,13.71810,12.62997,2017-12-05 07:42:05
20,11.70076,13.40416,12.55353,2017-12-05 07:42:09
21,11.65337,13.67375,12.49960,2017-12-05 07:42:13
22,11.65337,13.66466,12.42967,2017-12-05 07:42:16
23,11.65337,13.29466,12.36672,2017-12-05 07:42:20
24,11.59479,13.33485,12.26094,2017-12-05 07:42:24
25,11.49282,13.03267,12.22249,2017-12-05 07:42:27
26,11.35319,13.18290,12.18277,2017-12-05 07:42:31
27,11.35319,13.30577,12.18041,2017-12-05 07:42:35
28,11.29942,13.06647,12.11182,2017-12-05 07:42:38
29,11.29942,13.02361,12.07535,2017-12-05 07:42:42
30,11.27096,13.02142,12.01959,2017-12-05 07:42:46
31,11.27096,12.83324,11.96006,2017-12-05 07:42:49
32,11.02622,12.82824,11.90572,2017-12-05 07:42:53
33,11.02622,12.78103,11.86352,2017-12-05 07:42:56
34,11.02622,12.76076,11.81082,2017-12-05 07:43:00
35,11.01825,12.55461,11.64493,2017-12-05 07:43:04
36,10.82648,12.61405,11.62082,2017-12-05 07:43:07
37,10.79944,12.68182,11.55424,2017-12-05 07:43:11
38,10.79380,12.38789,11.52221,2017-12-05 07:43:14
39,10.59798,12.24276,11.44903,2017-12-05 07:43:18
40,10.59798,12.26278,11.37984,2017-12-05 07:43:22
41,10.59798,12.22279,11.30496,2017-12-05 07:43:25
42,10.56768,12.08045,11.20109,2017-12-05 07:43:29
43,10.51430,11.98223,11.14024,2017-12-05 07:43:32
44,10.15280,12.19226,11.07872,2017-12-05 07:43:36
45,10.13342,11.82598,10.99770,2017-12-05 07:43:39
46,10.13342,11.95517,10.91036,2017-12-05 07:43:43
47,10.13342,11.69873,10.83682,2017-12-05 07:43:47
48,9.91847,11.69996,10.73494,2017-12-05 07:43:50
49,9.91847,11.48227,10.63174,2017-12-05 07:43:54
50,9.91847,11.55597,10.58934,2017-12-05 07:43:58
51,9.91847,11.24810,10.51061,2017-12-05 07:44:01
52,9.63927,11.30087,10.44582,2017-12-05 07:44:05
53,9.63927,11.04605,10.37216,2017-12-05 07:44:09
54,9.63578,11.12876,10.33092,2017-12-05 07:44:12
55,9.63578,11.01160,10.26744,2017-12-05 07:44:16
56,9.52530,10.93629,10.22048,2017-12-05 07:44:19
57,9.46174,10.88175,10.16940,2017-12-05 07:44:23
58,9.45453,11.05888,10.11390,2017-12-05 07:44:27
59,9.45453,10.81240,10.07364,2017-12-05 07:44:30
60,9.45355,10.76272,10.02221,2017-12-05 07:44:34
61,9.26765,10.54887,9.95721,2017-12-05 07:44:38
62,9.26672,10.58501,9.90849,2017-12-05 07:44:41
63,9.26672,10.75999,9.88468,2017-12-05 07:44:45
64,9.24338,10.65140,9.83735,2017-12-05 07:44:49
65,9.12747,10.52294,9.80724,2017-12-05 07:44:52
66,9.12747,11.02223,9.76279,2017-12-05 07:44:56
67,9.12747,10.60967,9.71653,2017-12-05 07:44:59
68,9.05922,10.50306,9.64735,2017-12-05 07:45:03
69,9.05922,10.77380,9.58709,2017-12-05 07:45:07
70,8.93590,10.22361,9.56535,2017-12-05 07:45:10
71,8.93590,10.52720,9.53668,2017-12-05 07:45:14
72,8.93590,10.49013,9.49300,2017-12-05 07:45:18
73,8.93590,10.18874,9.41740,2017-12-05 07:45:22
74,8.93590,10.39870,9.39247,2017-12-05 07:45:25
75,8.81097,10.69317,9.35795,2017-12-05 07:45:29
76,8.81097,10.83892,9.35343,2017-12-05 07:45:33
77,8.81097,10.51219,9.33817,2017-12-05 07:45:36
78,8.78925,10.57858,9.32551,2017-12-05 07:45:40
79,8.74832,10.21565,9.31635,2017-12-05 07:45:44
80,8.69585,10.22513,9.26194,2017-12-05 07:45:47
81,8.69585,10.48944,9.23978,2017-12-05 07:45:51
82,8.68496,10.74450,9.21556,2017-12-05 07:45:55
83,8.66682,10.21025,9.18048,2017-12-05 07:45:58
84,8.66682,11.45762,9.16240,2017-12-05 07:46:02
85,8.66156,10.30430,9.13563,2017-12-05 07:46:06
86,8.56500,10.57176,9.11409,2017-12-05 07:46:09
87,8.52804,10.68481,9.10161,2017-12-05 07:46:13
88,8.52804,10.45645,9.09361,2017-12-05 07:46:17
89,8.52804,10.66794,9.08051,2017-12-05 07:46:20
90,8.43036,10.20649,9.01699,2017-12-05 07:46:24
91,8.43036,10.09798,8.99231,2017-12-05 07:46:28
92,8.39955,10.29889,8.97658,2017-12-05 07:46:31
93,8.27126,10.44913,8.94434,2017-12-05 07:46:35
94,8.27126,10.47154,8.94138,2017-12-05 07:46:39
95,8.27126,9.94360,8.91536,2017-12-05 07:46:42
96,8.27126,10.30904,8.85353,2017-12-05 07:46:46
97,8.27126,10.46718,8.80911,2017-12-05 07:46:50
98,8.27126,10.35756,8.79426,2017-12-05 07:46:54
99,8.27126,11.10582,8.77589,2017-12-05 07:46:57
100,8.27126,10.45691,8.77026,2017-12-05 07:47:01
101,8.27126,10.59423,8.77387,2017-12-05 07:47:05
102,8.25655,10.90482,8.75029,2017-12-05 07:47:09
103,8.18476,10.29279,8.72164,2017-12-05 07:47:13
104,8.09567,10.40482,8.70419,2017-12-05 07:47:16
105,8.09567,10.57633,8.71461,2017-12-05 07:47:20
106,8.09567,10.60106,8.72245,2017-12-05 07:47:24
107,8.09567,11.12037,8.70810,2017-12-05 07:47:27
108,7.87314,11.31482,8.66715,2017-12-05 07:47:31
109,7.87314,9.99399,8.67246,2017-12-05 07:47:35
110,7.87314,10.25401,8.67019,2017-12-05 07:47:38
111,7.87314,10.80255,8.66041,2017-12-05 07:47:42
112,7.87314,10.25970,8.61355,2017-12-05 07:47:46
113,7.87314,10.65705,8.59566,2017-12-05 07:47:49
114,7.87314,10.67335,8.55348,2017-12-05 07:47:53
115,7.87314,10.73371,8.54009,2017-12-05 07:47:57
116,7.87314,10.42599,8.50638,2017-12-05 07:48:01
117,7.87314,10.31316,8.50114,2017-12-05 07:48:05
118,7.87314,10.13651,8.49921,2017-12-05 07:48:09
119,7.87314,10.24425,8.50356,2017-12-05 07:48:13
120,7.87314,10.25379,8.50628,2017-12-05 07:48:17
121,7.87314,10.18160,8.48855,2017-12-05 07:48:21
122,7.87314,10.60797,8.48966,2017-12-05 07:48:25
123,7.87314,10.55068,8.48385,2017-12-05 07:48:29
124,7.87314,10.98604,8.44012,2017-12-05 07:48:33
125,7.87314,11.06944,8.42595,2017-12-05 07:48:37
126,7.86913,11.77648,8.39026,2017-12-05 07:48:42
127,7.86913,10.15664,8.33602,2017-12-05 07:48:45
128,7.78294,10.46878,8.36586,2017-12-05 07:48:49
129,7.78294,10.25613,8.37385,2017-12-05 07:48:52
130,7.78294,10.33336,8.39095,2017-12-05 07:48:56
131,7.78294,10.25442,8.37881,2017-12-05 07:49:00
132,7.78294,10.62656,8.36295,2017-12-05 07:49:03
133,7.78294,10.84152,8.37436,2017-12-05 07:49:07
134,7.78294,10.68597,8.34539,2017-12-05 07:49:11
135,7.78294,10.74636,8.34292,2017-12-05 07:49:15
136,7.78294,10.67672,8.35252,2017-12-05 07:49:19
137,7.78294,10.14972,8.36949,2017-12-05 07:49:23
138,7.78294,10.51751,8.39404,2017-12-05 07:49:27
139,7.78294,10.73897,8.39665,2017-12-05 07:49:31
140,7.78294,10.40187,8.36892,2017-12-05 07:49:35
141,7.78294,10.85550,8.38466,2017-12-05 07:49:39
142,7.78294,10.59205,8.38069,2017-12-05 07:49:43
143,7.78294,10.56044,8.37338,2017-12-05 07:49:47
144,7.78294,10.78081,8.35004,2017-12-05 07:49:51
145,7.78294,10.64988,8.33288,2017-12-05 07:49:56
146,7.78294,11.53161,8.32273,2017-12-05 07:50:00
147,7.78294,10.40768,8.29440,2017-12-05 07:50:04
148,7.78078,10.63783,8.29192,2017-12-05 07:50:08
149,7.74184,9.84449,8.24908,2017-12-05 07:50:12
150,7.74184,9.95432,8.28356,2017-12-05 07:50:16
151,7.74184,10.66692,8.29400,2017-12-05 07:50:19
152,7.74184,10.80047,8.27031,2017-12-05 07:50:23
153,7.74184,9.95740,8.27148,2017-12-05 07:50:27
154,7.74184,10.27292,8.27926,2017-12-05 07:50:31
155,7.74184,10.59468,8.27426,2017-12-05 07:50:34
156,7.74184,10.18150,8.26885,2017-12-05 07:50:38
157,7.74184,10.34147,8.30063,2017-12-05 07:50:42
158,7.74184,10.23617,8.31115,2017-12-05 07:50:46
159,7.74184,10.37205,8.32131,2017-12-05 07:50:50
160,7.74184,10.53846,8.34694,2017-12-05 07:50:54
161,7.74184,10.14740,8.35260,2017-12-05 07:50:58
162,7.74184,11.36282,8.35860,2017-12-05 07:51:02
163,7.74184,10.49807,8.33015,2017-12-05 07:51:06
164,7.74184,10.55593,8.33271,2017-12-05 07:51:10
165,7.74184,10.88215,8.31304,2017-12-05 07:51:15
166,7.64361,10.92575,8.29760,2017-12-05 07:51:19
167,7.64361,10.38170,8.22393,2017-12-05 07:51:22
168,7.64361,9.76244,8.25705,2017-12-05 07:51:26
169,7.64361,10.03939,8.25831,2017-12-05 07:51:30
170,7.64361,9.90242,8.22957,2017-12-05 07:51:33
171,7.64361,10.62155,8.24363,2017-12-05 07:51:37
172,7.64361,10.40135,8.24557,2017-12-05 07:51:41
173,7.64361,10.46740,8.24486,2017-12-05 07:51:45
174,7.64361,10.32890,8.25207,2017-12-05 07:51:49
175,7.64361,10.10620,8.26082,2017-12-05 07:51:53
176,7.64361,10.68651,8.28609,2017-12-05 07:51:57
177,7.64361,10.10085,8.29614,2017-12-05 07:52:01
178,7.64361,10.52555,8.28678,2017-12-05 07:52:05
179,7.64361,10.76378,8.28815,2017-12-05 07:52:09
180,7.64361,10.42095,8.28032,2017-12-05 07:52:13
181,7.64361,10.37742,8.23106,2017-12-05 07:52:17
182,7.64361,10.55564,8.21383,2017-12-05 07:52:21
183,7.64361,10.61661,8.21000,2017-12-05 07:52:26
184,7.64361,10.46839,8.20410,2017-12-05 07:52:30
185,7.64361,10.33265,8.18992,2017-12-05 07:52:34
186,7.64361,10.38608,8.17859,2017-12-05 07:52:38
187,7.64361,11.14812,8.16511,2017-12-05 07:52:43
188,7.64361,10.69396,8.17252,2017-12-05 07:52:47
189,7.64361,10.54655,8.17879,2017-12-05 07:52:52
190,7.64361,10.52865,8.18219,2017-12-05 07:52:56
191,7.64361,10.36208,8.16476,2017-12-05 07:53:01
192,7.64361,10.69010,8.14831,2017-12-05 07:53:05
193,7.61053,10.27859,8.15822,2017-12-05 07:53:10
194,7.48806,9.98758,8.06476,2017-12-05 07:53:13
195,7.48806,9.74973,8.09297,2017-12-05 07:53:17
196,7.48806,9.38420,8.13221,2017-12-05 07:53:21
197,7.48806,10.38867,8.13888,2017-12-05 07:53:24
198,7.48771,9.67700,8.13460,2017-12-05 07:53:28
199,7.48771,9.79684,8.12013,2017-12-05 07:53:32
200,7.48771,10.00105,8.13025,2017-12-05 07:53:35
201,7.48771,10.48115,8.14519,2017-12-05 07:53:39
202,7.48771,10.88278,8.11733,2017-12-05 07:53:43
203,7.48771,10.04835,8.10621,2017-12-05 07:53:46
204,7.48771,10.83071,8.10496,2017-12-05 07:53:50
205,7.48771,10.16511,8.10947,2017-12-05 07:53:54
206,7.48771,10.41172,8.15737,2017-12-05 07:53:58
207,7.48771,10.34841,8.14927,2017-12-05 07:54:02
208,7.48771,10.24999,8.14059,2017-12-05 07:54:06
209,7.48771,10.78567,8.16218,2017-12-05 07:54:10
210,7.48771,10.42259,8.18343,2017-12-05 07:54:14
211,7.48771,10.35569,8.17695,2017-12-05 07:54:18
212,7.48771,10.80595,8.17356,2017-12-05 07:54:22
213,7.48771,10.23724,8.14843,2017-12-05 07:54:26
214,7.48771,10.42504,8.11277,2017-12-05 07:54:30
215,7.48771,10.62095,8.11102,2017-12-05 07:54:34
216,7.47363,10.51709,8.09588,2017-12-05 07:54:39
217,7.47363,10.34758,8.07219,2017-12-05 07:54:42
218,7.47363,10.19596,8.09199,2017-12-05 07:54:46
219,7.47363,10.00755,8.10504,2017-12-05 07:54:49
220,7.47363,10.43233,8.10059,2017-12-05 07:54:53
221,7.47363,10.10893,8.10722,2017-12-05 07:54:57
222,7.47363,10.19213,8.13277,2017-12-05 07:55:01
223,7.47363,10.20568,8.12524,2017-12-05 07:55:04
224,7.47363,10.42017,8.11791,2017-12-05 07:55:08
225,7.47363,10.91760,8.12080,2017-12-05 07:55:12
226,7.47363,10.92682,8.13291,2017-12-05 07:55:16
227,7.47363,10.23169,8.15487,2017-12-05 07:55:20
228,7.47363,10.48523,8.17487,2017-12-05 07:55:24
229,7.47363,10.73800,8.18257,2017-12-05 07:55:28
230,7.47363,10.67438,8.17164,2017-12-05 07:55:32
231,7.47363,10.76952,8.15266,2017-12-05 07:55:36
232,7.47363,11.15115,8.10940,2017-12-05 07:55:40
233,7.47363,10.93709,8.09786,2017-12-05 07:55:44
234,7.47363,10.13592,8.07626,2017-12-05 07:55:49
235,7.47363,10.82879,8.08962,2017-12-05 07:55:53
236,7.47363,10.29820,8.08600,2017-12-05 07:55:57
237,7.47363,10.43938,8.07120,2017-12-05 07:56:01
238,7.47363,10.90478,8.10271,2017-12-05 07:56:06
239,7.47363,10.41948,8.08883,2017-12-05 07:56:10
240,7.47363,10.45237,8.06239,2017-12-05 07:56:15
241,7.47363,11.09367,8.07615,2017-12-05 07:56:19
242,7.47363,10.90448,8.07313,2017-12-05 07:56:23
243,7.47363,10.61841,8.05583,2017-12-05 07:56:28
244,7.46737,10.56178,8.04772,2017-12-05 07:56:33
245,7.46737,10.20104,7.98208,2017-12-05 07:56:36
246,7.46737,9.95945,8.01561,2017-12-05 07:56:40
247,7.46737,10.38258,8.02799,2017-12-05 07:56:43
248,7.46737,10.73018,8.03333,2017-12-05 07:56:47
249,7.46737,10.58856,8.03663,2017-12-05 07:56:51
250,7.46737,10.02514,8.06427,2017-12-05 07:56:55
251,7.46737,10.05525,8.06345,2017-12-05 07:56:58
252,7.46737,10.06325,8.07850,2017-12-05 07:57:02
253,7.46737,10.32831,8.08478,2017-12-05 07:57:06
254,7.46737,10.57352,8.08477,2017-12-05 07:57:10
255,7.46737,10.13768,8.09579,2017-12-05 07:57:14
256,7.46737,10.65953,8.11368,2017-12-05 07:57:18
257,7.46737,10.39164,8.11473,2017-12-05 07:57:22
258,7.46737,10.84176,8.12804,2017-12-05 07:57:26
259,7.46737,10.60229,8.13612,2017-12-05 07:57:30
260,7.45925,10.79060,8.10500,2017-12-05 07:57:34
261,7.38534,9.92403,8.04214,2017-12-05 07:57:38
262,7.38534,10.26935,8.05661,2017-12-05 07:57:41
263,7.38534,10.90476,8.07865,2017-12-05 07:57:45
264,7.38534,10.99993,8.06004,2017-12-05 07:57:49
265,7.38534,10.36518,8.03745,2017-12-05 07:57:52
266,7.38534,10.28360,8.02535,2017-12-05 07:57:56
267,7.38534,10.97337,8.03919,2017-12-05 07:58:00
268,7.38534,10.10838,8.03834,2017-12-05 07:58:04
269,7.38534,10.37235,8.05116,2017-12-05 07:58:07
270,7.38534,10.72439,8.05597,2017-12-05 07:58:11
271,7.38534,10.59369,8.06991,2017-12-05 07:58:15
272,7.38534,10.90038,8.05325,2017-12-05 07:58:19
273,7.38534,10.30343,8.05696,2017-12-05 07:58:23
274,7.38534,10.69786,8.07629,2017-12-05 07:58:27
275,7.38534,11.04297,8.07282,2017-12-05 07:58:31
276,7.38534,10.69602,8.04140,2017-12-05 07:58:35
277,7.38534,10.36875,7.99888,2017-12-05 07:58:39
278,7.38534,10.62048,8.00901,2017-12-05 07:58:44
279,7.38534,10.76545,8.00391,2017-12-05 07:58:48
280,7.38534,10.79770,7.99813,2017-12-05 07:58:52
281,7.38534,11.08291,8.02262,2017-12-05 07:58:57
282,7.38534,11.14931,8.02817,2017-12-05 07:59:01
283,7.38534,10.61738,8.00070,2017-12-05 07:59:05
284,7.38534,11.03304,8.01831,2017-12-05 07:59:10
285,7.38534,10.88963,8.01701,2017-12-05 07:59:14
286,7.38534,10.77222,8.04229,2017-12-05 07:59:18
287,7.38534,10.57784,8.04479,2017-12-05 07:59:23
288,7.38534,10.73196,8.01667,2017-12-05 07:59:28
289,7.38534,10.70344,7.99545,2017-12-05 07:59:32
290,7.38534,11.49792,7.99947,2017-12-05 07:59:37
291,7.38534,10.66112,7.98503,2017-12-05 07:59:41
292,7.38534,10.78031,7.98674,2017-12-05 07:59:46
293,7.38534,11.43907,7.97226,2017-12-05 07:59:51
294,7.37787,11.18009,7.96734,2017-12-05 07:59:55
295,7.37787,9.76146,7.87956,2017-12-05 07:59:59
296,7.34010,10.31096,7.92895,2017-12-05 08:00:03
297,7.34010,10.29164,7.94068,2017-12-05 08:00:06
298,7.34010,10.06664,7.95156,2017-12-05 08:00:10
299,7.34010,10.35711,7.96679,2017-12-05 08:00:14
300,7.34010,10.16747,7.97065,2017-12-05 08:00:18
301,7.34010,10.37499,7.96653,2017-12-05 08:00:21
302,7.34010,10.47017,7.97109,2017-12-05 08:00:25
303,7.34010,10.66490,7.98977,2017-12-05 08:00:29
304,7.34010,10.42679,7.99277,2017-12-05 08:00:33
305,7.34010,10.21358,8.01867,2017-12-05 08:00:37
306,7.34010,10.88827,8.05255,2017-12-05 08:00:41
307,7.34010,10.35340,8.02017,2017-12-05 08:00:45
308,7.34010,10.90187,8.01110,2017-12-05 08:00:49
309,7.34010,10.73702,8.00805,2017-12-05 08:00:53
310,7.34010,11.09335,8.00865,2017-12-05 08:00:57
311,7.34010,10.09695,7.99824,2017-12-05 08:01:01
312,7.34010,10.91219,7.97892,2017-12-05 08:01:05
313,7.34010,10.99245,7.96686,2017-12-05 08:01:09
314,7.34010,10.92098,7.95889,2017-12-05 08:01:13
315,7.34010,10.79481,7.95862,2017-12-05 08:01:18
316,7.34010,10.63050,7.98877,2017-12-05 08:01:22
317,7.34010,10.80236,7.96993,2017-12-05 08:01:26
318,7.34010,10.86818,7.97124,2017-12-05 08:01:30
319,7.34010,10.86284,7.97880,2017-12-05 08:01:35
320,7.34010,10.67520,7.95101,2017-12-05 08:01:39
321,7.33661,10.94447,7.98556,2017-12-05 08:01:44
322,7.33661,10.29135,7.90330,2017-12-05 08:01:47
323,7.33661,10.14882,7.93320,2017-12-05 08:01:51
324,7.33661,11.07421,7.92914,2017-12-05 08:01:54
325,7.33661,10.86400,7.92172,2017-12-05 08:01:58
326,7.33661,10.32959,7.93059,2017-12-05 08:02:02
327,7.31056,10.38801,7.97005,2017-12-05 08:02:06
328,7.31056,10.28316,7.97106,2017-12-05 08:02:09
329,7.31056,10.10808,7.97841,2017-12-05 08:02:13
330,7.31056,10.46760,7.94630,2017-12-05 08:02:17
331,7.31056,11.92816,7.94440,2017-12-05 08:02:20
332,7.31056,10.67774,7.92864,2017-12-05 08:02:24
333,7.31056,10.62939,7.94116,2017-12-05 08:02:28
334,7.31056,10.27052,7.95929,2017-12-05 08:02:32
335,7.31056,10.79334,7.98080,2017-12-05 08:02:35
336,7.31056,10.64119,7.98395,2017-12-05 08:02:39
337,7.31056,10.41197,7.99265,2017-12-05 08:02:43
338,7.31056,10.59403,7.98378,2017-12-05 08:02:47
339,7.31056,10.88222,7.95054,2017-12-05 08:02:51
340,7.31056,10.90428,7.94418,2017-12-05 08:02:55
341,7.31056,10.66119,7.95294,2017-12-05 08:02:59
342,7.31056,10.83273,7.96123,2017-12-05 08:03:03
343,7.21842,10.61817,7.94342,2017-12-05 08:03:07
344,7.21842,9.98529,7.86823,2017-12-05 08:03:11
345,7.21842,10.39107,7.90099,2017-12-05 08:03:15
346,7.21842,10.39463,7.90221,2017-12-05 08:03:18
347,7.21842,10.79993,7.91552,2017-12-05 08:03:22
348,7.21842,10.29729,7.90616,2017-12-05 08:03:26
349,7.21842,10.86661,7.89855,2017-12-05 08:03:30
350,7.21842,11.02389,7.91182,2017-12-05 08:03:33
351,7.21842,10.45446,7.91254,2017-12-05 08:03:37
352,7.21842,10.38553,7.91585,2017-12-05 08:03:41
353,7.21842,11.10991,7.91893,2017-12-05 08:03:45
354,7.21842,10.86381,7.93207,2017-12-05 08:03:49
355,7.21842,10.87350,7.94702,2017-12-05 08:03:53
356,7.21842,10.52577,7.93119,2017-12-05 08:03:57
357,7.21842,10.36958,7.93248,2017-12-05 08:04:01
358,7.21842,10.69590,7.94334,2017-12-05 08:04:05
359,7.21842,11.67413,7.91473,2017-12-05 08:04:09
360,7.21842,10.80604,7.87321,2017-12-05 08:04:14
361,7.21842,11.25630,7.86563,2017-12-05 08:04:18
362,7.21842,10.67546,7.85981,2017-12-05 08:04:22
363,7.21842,10.99442,7.86871,2017-12-05 08:04:26
364,7.21842,10.85288,7.88459,2017-12-05 08:04:31
365,7.21842,11.63800,7.88628,2017-12-05 08:04:35
366,7.21842,10.43088,7.84756,2017-12-05 08:04:39
367,7.21842,11.56742,7.84458,2017-12-05 08:04:44
368,7.21842,11.35287,7.85700,2017-12-05 08:04:48
369,7.21842,11.09228,7.85203,2017-12-05 08:04:53
370,7.20102,11.04471,7.84510,2017-12-05 08:04:57
371,7.20102,9.91144,7.77685,2017-12-05 08:05:01
372,7.20102,10.34306,7.80502,2017-12-05 08:05:05
373,7.20102,10.29391,7.82365,2017-12-05 08:05:08
374,7.20102,10.85615,7.83043,2017-12-05 08:05:12
375,7.16159,10.26748,7.82665,2017-12-05 08:05:16
376,7.16159,11.13655,7.82394,2017-12-05 08:05:19
377,7.16159,10.85101,7.86453,2017-12-05 08:05:23
378,7.16159,10.85850,7.84992,2017-12-05 08:05:27
379,7.16159,10.29835,7.82362,2017-12-05 08:05:30
380,7.16159,9.95416,7.82075,2017-12-05 08:05:34
381,7.16159,10.59567,7.82018,2017-12-05 08:05:38
382,7.16159,10.38221,7.79588,2017-12-05 08:05:42
383,7.16159,9.94559,7.82290,2017-12-05 08:05:46
384,7.16159,10.65779,7.85863,2017-12-05 08:05:49
385,7.16159,10.53581,7.85168,2017-12-05 08:05:53
386,7.16159,10.74684,7.85072,2017-12-05 08:05:57
387,7.16159,10.36300,7.85378,2017-12-05 08:06:01
388,7.16159,10.98178,7.87761,2017-12-05 08:06:05
389,7.16159,10.65607,7.88802,2017-12-05 08:06:09
390,7.16159,10.65843,7.86921,2017-12-05 08:06:14
391,7.16159,11.06767,7.83517,2017-12-05 08:06:18
392,7.16159,10.33169,7.83185,2017-12-05 08:06:22
393,7.16159,10.75755,7.79689,2017-12-05 08:06:26
394,7.16159,10.96281,7.78634,2017-12-05 08:06:30
395,7.16159,10.44115,7.78677,2017-12-05 08:06:34
396,7.16159,11.40751,7.80176,2017-12-05 08:06:39
397,7.16159,11.20763,7.81930,2017-12-05 08:06:43
398,7.16159,11.24390,7.79880,2017-12-05 08:06:48
399,7.16159,10.93381,7.79137,2017-12-05 08:06:52
400,7.16159,10.64248,7.78458,2017-12-05 08:06:56
401,7.16159,11.44746,7.79112,2017-12-05 08:07:01
402,7.16159,11.16008,7.82768,2017-12-05 08:07:06
403,7.16159,10.86839,7.78880,2017-12-05 08:07:10
404,7.16159,10.66290,7.79864,2017-12-05 08:07:15
405,7.16159,11.01841,7.78867,2017-12-05 08:07:19
406,7.16159,11.34030,7.79091,2017-12-05 08:07:24
407,7.16159,11.39748,7.78888,2017-12-05 08:07:29
408,7.16159,10.96618,7.77828,2017-12-05 08:07:33
409,7.16159,10.77937,7.76998,2017-12-05 08:07:38
410,7.16159,11.11298,7.77220,2017-12-05 08:07:43
411,7.16159,10.99027,7.78010,2017-12-05 08:07:48
412,7.16159,10.80942,7.78270,2017-12-05 08:07:53
413,7.16159,10.86565,7.76587,2017-12-05 08:07:58
414,7.09128,11.77981,7.78865,2017-12-05 08:08:03
415,7.09128,10.93582,7.66345,2017-12-05 08:08:06
416,7.09128,10.25543,7.71159,2017-12-05 08:08:10
417,7.09128,10.84848,7.75205,2017-12-05 08:08:14
418,7.09128,10.74192,7.78596,2017-12-05 08:08:17
419,7.09128,10.75994,7.81357,2017-12-05 08:08:21
420,7.09128,11.07342,7.79954,2017-12-05 08:08:25
421,7.09128,10.32540,7.81253,2017-12-05 08:08:29
422,7.09128,10.37296,7.84099,2017-12-05 08:08:32
423,7.09128,11.37723,7.84564,2017-12-05 08:08:36
424,7.09128,10.71567,7.85754,2017-12-05 08:08:40
425,7.09128,10.74393,7.87250,2017-12-05 08:08:44
426,7.09128,11.33649,7.88634,2017-12-05 08:08:48
427,7.09128,10.55790,7.87963,2017-12-05 08:08:52
428,7.09128,10.69411,7.85228,2017-12-05 08:08:56
429,7.09128,11.33546,7.85494,2017-12-05 08:09:00
430,7.09128,10.98737,7.81914,2017-12-05 08:09:04
431,7.09128,11.07702,7.81778,2017-12-05 08:09:08
432,7.09128,11.14533,7.82672,2017-12-05 08:09:13
433,7.09128,11.06230,7.80539,2017-12-05 08:09:17
434,7.09128,10.67908,7.77105,2017-12-05 08:09:21
435,7.09128,10.69547,7.77193,2017-12-05 08:09:25
436,7.09128,11.20569,7.78598,2017-12-05 08:09:30
437,7.09128,11.02145,7.78844,2017-12-05 08:09:34
438,7.09128,10.30067,7.78202,2017-12-05 08:09:38
439,7.09128,11.59090,7.82585,2017-12-05 08:09:43
440,7.09128,10.68862,7.81683,2017-12-05 08:09:47
441,7.09128,10.93011,7.81277,2017-12-05 08:09:52
442,7.09128,11.14924,7.79729,2017-12-05 08:09:56
443,7.09128,11.22400,7.78535,2017-12-05 08:10:01
444,7.09128,11.07691,7.81459,2017-12-05 08:10:06
445,7.09128,11.06211,7.78792,2017-12-05 08:10:10
446,7.09128,10.76291,7.77350,2017-12-05 08:10:15
447,7.09128,12.21489,7.77826,2017-12-05 08:10:20
448,7.09128,10.89544,7.78597,2017-12-05 08:10:25
449,7.09128,10.77641,7.75858,2017-12-05 08:10:30
450,7.09128,11.46514,7.77872,2017-12-05 08:10:35
451,7.09128,11.00464,7.76167,2017-12-05 08:10:39
452,7.09128,11.68149,7.76295,2017-12-05 08:10:44
453,7.09128,10.99625,7.76813,2017-12-05 08:10:49
454,7.09128,11.38576,7.77812,2017-12-05 08:10:55
455,7.09028,11.42145,7.75503,2017-12-05 08:11:00
456,7.09028,9.92860,7.62649,2017-12-05 08:11:03
457,7.09028,9.70335,7.69012,2017-12-05 08:11:07
458,7.09028,10.40049,7.71454,2017-12-05 08:11:11
459,7.09028,10.27398,7.73637,2017-12-05 08:11:14
460,7.09028,10.54764,7.72497,2017-12-05 08:11:18
461,7.09028,10.41829,7.76001,2017-12-05 08:11:22
462,7.09028,10.40948,7.75427,2017-12-05 08:11:26
463,7.09028,10.23063,7.76294,2017-12-05 08:11:29
464,7.09028,11.25931,7.80938,2017-12-05 08:11:33
465,7.09028,11.13588,7.81959,2017-12-05 08:11:37
466,7.09028,11.71641,7.84180,2017-12-05 08:11:41
467,7.09028,10.96373,7.81278,2017-12-05 08:11:45
468,7.09028,11.51682,7.82584,2017-12-05 08:11:49
469,7.09028,11.27936,7.82255,2017-12-05 08:11:53
470,7.09028,11.10782,7.81135,2017-12-05 08:11:57
471,7.09028,11.27278,7.77434,2017-12-05 08:12:02
472,7.09028,11.43129,7.79354,2017-12-05 08:12:06
473,7.09028,11.05514,7.75993,2017-12-05 08:12:10
474,7.09028,10.75832,7.75319,2017-12-05 08:12:14
475,7.09028,11.04372,7.74915,2017-12-05 08:12:18
476,7.03021,11.20654,7.75326,2017-12-05 08:12:23
477,7.03021,10.47142,7.63125,2017-12-05 08:12:26
478,7.03021,10.15649,7.66804,2017-12-05 08:12:30
479,7.03021,10.40713,7.69142,2017-12-05 08:12:34
480,7.03021,10.81097,7.71214,2017-12-05 08:12:37
481,7.03021,10.11260,7.72734,2017-12-05 08:12:41
482,7.03021,10.94435,7.75083,2017-12-05 08:12:45
483,7.03021,10.48540,7.76717,2017-12-05 08:12:49
484,7.03021,10.73833,7.77175,2017-12-05 08:12:52
485,7.03021,10.78670,7.78379,2017-12-05 08:12:56
486,7.03021,10.45879,7.78643,2017-12-05 08:13:00
487,7.03021,10.83878,7.83035,2017-12-05 08:13:04
488,7.03021,11.51550,7.83134,2017-12-05 08:13:08
489,7.03021,10.68081,7.81653,2017-12-05 08:13:12
490,7.03021,10.46441,7.80792,2017-12-05 08:13:16
491,7.03021,10.97773,7.79080,2017-12-05 08:13:20
492,7.03021,11.30131,7.78522,2017-12-05 08:13:25
493,7.03021,10.65261,7.75527,2017-12-05 08:13:29
494,7.03021,10.77152,7.77742,2017-12-05 08:13:33
495,7.03021,10.91366,7.74220,2017-12-05 08:13:37
496,7.03021,10.66666,7.72159,2017-12-05 08:13:41
497,7.03021,11.30888,7.74298,2017-12-05 08:13:46
498,7.03021,11.41705,7.73586,2017-12-05 08:13:50
499,7.03021,11.28685,7.74703,2017-12-05 08:13:55
500,7.03021,11.41441,7.74492,2017-12-05 08:13:59
501,7.03021,11.00118,7.73516,2017-12-05 08:14:04
502,7.03021,10.89151,7.74386,2017-12-05 08:14:08
503,7.03021,11.68243,7.76962,2017-12-05 08:14:13
504,7.03021,11.38158,7.75002,2017-12-05 08:14:17
505,7.03021,11.06675,7.74798,2017-12-05 08:14:22
506,7.03021,10.95584,7.71676,2017-12-05 08:14:26
507,7.03021,11.07309,7.71274,2017-12-05 08:14:31
508,7.00370,11.17941,7.69717,2017-12-05 08:14:36
509,7.00370,10.10699,7.61157,2017-12-05 08:14:39
510,7.00370,10.38973,7.66220,2017-12-05 08:14:43
511,7.00370,10.11828,7.66899,2017-12-05 08:14:47
512,7.00370,11.04028,7.71195,2017-12-05 08:14:50
513,7.00370,10.76952,7.73488,2017-12-05 08:14:54
514,7.00370,10.96150,7.77429,2017-12-05 08:14:58
515,7.00370,11.41550,7.78888,2017-12-05 08:15:02
516,7.00370,10.48317,7.77072,2017-12-05 08:15:06
517,7.00370,10.69776,7.75670,2017-12-05 08:15:10
518,7.00370,10.55975,7.77969,2017-12-05 08:15:14
519,7.00370,11.48369,7.80964,2017-12-05 08:15:18
520,7.00370,10.60084,7.81591,2017-12-05 08:15:22
521,7.00370,10.76267,7.84035,2017-12-05 08:15:26
522,7.00370,11.13349,7.80539,2017-12-05 08:15:31
523,7.00370,11.32583,7.81482,2017-12-05 08:15:35
524,7.00370,11.34523,7.79024,2017-12-05 08:15:39
525,7.00370,10.69824,7.74775,2017-12-05 08:15:43
526,7.00370,10.57435,7.74390,2017-12-05 08:15:48
527,7.00370,11.54879,7.75236,2017-12-05 08:15:52
528,7.00370,10.69488,7.76904,2017-12-05 08:15:57
529,7.00370,10.87635,7.77602,2017-12-05 08:16:01
530,7.00370,11.20717,7.76673,2017-12-05 08:16:05
531,7.00370,11.71547,7.75569,2017-12-05 08:16:10
532,7.00370,11.37445,7.73018,2017-12-05 08:16:14
533,7.00370,11.43127,7.71167,2017-12-05 08:16:19
534,7.00370,11.13609,7.73182,2017-12-05 08:16:23
535,7.00370,10.70736,7.72844,2017-12-05 08:16:28
536,7.00370,10.65669,7.72173,2017-12-05 08:16:32
537,7.00370,10.82966,7.74257,2017-12-05 08:16:37
538,7.00370,11.53662,7.71265,2017-12-05 08:16:41
539,7.00370,11.00681,7.69220,2017-12-05 08:16:46
540,6.97939,11.05501,7.69929,2017-12-05 08:16:51
541,6.97939,10.31647,7.60493,2017-12-05 08:16:54
542,6.97667,10.83314,7.67177,2017-12-05 08:16:58
543,6.97667,9.53786,7.69598,2017-12-05 08:17:02
544,6.97667,10.13928,7.74248,2017-12-05 08:17:05
545,6.97667,9.89968,7.75858,2017-12-05 08:17:09
546,6.97667,10.62167,7.76230,2017-12-05 08:17:13
547,6.97667,10.14164,7.74572,2017-12-05 08:17:16
548,6.97667,10.36158,7.74694,2017-12-05 08:17:20
549,6.97667,10.28190,7.73475,2017-12-05 08:17:24
550,6.97667,10.92058,7.74592,2017-12-05 08:17:28
551,6.97667,10.83728,7.75672,2017-12-05 08:17:31
552,6.97667,10.69784,7.79299,2017-12-05 08:17:35
553,6.97667,10.67502,7.75685,2017-12-05 08:17:39
554,6.97667,10.62944,7.76928,2017-12-05 08:17:43
555,6.97667,10.68958,7.75927,2017-12-05 08:17:47
556,6.97667,10.47036,7.75973,2017-12-05 08:17:51
557,6.97667,10.50143,7.78353,2017-12-05 08:17:55
558,6.97667,11.17301,7.74977,2017-12-05 08:18:00
559,6.97667,10.53502,7.70995,2017-12-05 08:18:04
560,6.97667,10.36697,7.70958,2017-12-05 08:18:08
561,6.97667,10.51465,7.72441,2017-12-05 08:18:12
562,6.97667,11.30936,7.72263,2017-12-05 08:18:16
563,6.97667,10.68926,7.70118,2017-12-05 08:18:21
564,6.97667,10.89992,7.71196,2017-12-05 08:18:25
565,6.97667,10.59174,7.69552,2017-12-05 08:18:29
566,6.97667,11.75832,7.71256,2017-12-05 08:18:34
567,6.97667,11.33743,7.71784,2017-12-05 08:18:38
568,6.97667,10.98698,7.69778,2017-12-05 08:18:43
569,6.97667,10.86459,7.69736,2017-12-05 08:18:47
570,6.97667,10.53036,7.69564,2017-12-05 08:18:52
571,6.97667,10.97288,7.71628,2017-12-05 08:18:56
572,6.97667,11.63580,7.68961,2017-12-05 08:19:01
573,6.97667,10.68764,7.70667,2017-12-05 08:19:06
574,6.97667,10.85498,7.67560,2017-12-05 08:19:10
575,6.97667,10.70171,7.66968,2017-12-05 08:19:15
576,6.97667,11.33924,7.68498,2017-12-05 08:19:20
577,6.97667,11.34465,7.68909,2017-12-05 08:19:24
578,6.97667,11.13542,7.67149,2017-12-05 08:19:29
579,6.97667,11.55558,7.68982,2017-12-05 08:19:34
580,6.97667,10.85989,7.67810,2017-12-05 08:19:39
581,6.97667,10.89104,7.68035,2017-12-05 08:19:44
582,6.97667,11.66662,7.68239,2017-12-05 08:19:49
583,6.97667,11.43095,7.70003,2017-12-05 08:19:54
584,6.97667,11.48664,7.69827,2017-12-05 08:19:59
585,6.97667,11.22019,7.69757,2017-12-05 08:20:04
586,6.97667,10.90856,7.69014,2017-12-05 08:20:09
587,6.97667,11.03857,7.69819,2017-12-05 08:20:14
588,6.97667,11.51299,7.68143,2017-12-05 08:20:20
589,6.97667,11.10976,7.69632,2017-12-05 08:20:25
590,6.97667,10.96730,7.68614,2017-12-05 08:20:30
591,6.95290,10.91313,7.68415,2017-12-05 08:20:35
592,6.95290,9.39349,7.53890,2017-12-05 08:20:39
593,6.95290,10.48555,7.60752,2017-12-05 08:20:43
594,6.95290,11.21941,7.62610,2017-12-05 08:20:46
595,6.95290,10.12730,7.65171,2017-12-05 08:20:50
596,6.95290,10.50052,7.66709,2017-12-05 08:20:54
597,6.95290,10.58282,7.70279,2017-12-05 08:20:58
598,6.95290,10.98931,7.70158,2017-12-05 08:21:01
599,6.95290,10.75548,7.72627,2017-12-05 08:21:05
600,6.95290,10.62702,7.74308,2017-12-05 08:21:09
601,6.95290,10.44355,7.78079,2017-12-05 08:21:13
602,6.95290,10.54064,7.79936,2017-12-05 08:21:17
603,6.95290,10.71075,7.83168,2017-12-05 08:21:21
604,6.95290,10.20632,7.77669,2017-12-05 08:21:25
605,6.95290,10.39142,7.76007,2017-12-05 08:21:29
606,6.95290,10.48172,7.74159,2017-12-05 08:21:33
607,6.95290,10.88873,7.70679,2017-12-05 08:21:37
608,6.95290,10.91744,7.68865,2017-12-05 08:21:41
609,6.95290,10.83871,7.67552,2017-12-05 08:21:45
610,6.95290,10.27053,7.68506,2017-12-05 08:21:50
611,6.95290,11.43971,7.68177,2017-12-05 08:21:54
612,6.95290,10.86127,7.66315,2017-12-05 08:21:58
613,6.95290,10.94278,7.68047,2017-12-05 08:22:02
614,6.95290,10.56623,7.66040,2017-12-05 08:22:07
615,6.95290,10.57587,7.65076,2017-12-05 08:22:11
616,6.95290,10.89237,7.65726,2017-12-05 08:22:16
617,6.95290,11.48532,7.65460,2017-12-05 08:22:20
618,6.95290,10.38905,7.64546,2017-12-05 08:22:25
619,6.95290,11.34973,7.66259,2017-12-05 08:22:29
620,6.95290,11.21963,7.67953,2017-12-05 08:22:34
621,6.95290,10.43400,7.66494,2017-12-05 08:22:38
622,6.95290,11.18775,7.65766,2017-12-05 08:22:43
623,6.95290,11.06611,7.66334,2017-12-05 08:22:48
624,6.95290,10.87954,7.62036,2017-12-05 08:22:52
625,6.95290,11.29440,7.63274,2017-12-05 08:22:57
626,6.95290,10.36089,7.64019,2017-12-05 08:23:02
627,6.95290,11.05524,7.67679,2017-12-05 08:23:07
628,6.95290,10.95001,7.65647,2017-12-05 08:23:12
629,6.95290,11.22331,7.65035,2017-12-05 08:23:16
630,6.95290,11.90902,7.65600,2017-12-05 08:23:21
631,6.95290,11.31721,7.65134,2017-12-05 08:23:26
632,6.95290,10.64732,7.66087,2017-12-05 08:23:31
633,6.94040,10.73721,7.64188,2017-12-05 08:23:36
634,6.94040,10.03630,7.51437,2017-12-05 08:23:40
635,6.94040,10.11214,7.55581,2017-12-05 08:23:43
636,6.94040,10.41671,7.56543,2017-12-05 08:23:47
637,6.94040,10.39141,7.62058,2017-12-05 08:23:51
638,6.94040,10.72214,7.65439,2017-12-05 08:23:54
639,6.94040,11.06729,7.68291,2017-12-05 08:23:58
640,6.94040,10.65263,7.70288,2017-12-05 08:24:02
641,6.94040,10.81738,7.70556,2017-12-05 08:24:06
642,6.94040,10.74157,7.70547,2017-12-05 08:24:09
643,6.94040,10.59333,7.72985,2017-12-05 08:24:13
644,6.94040,10.45317,7.74461,2017-12-05 08:24:17
645,6.94040,10.88712,7.78268,2017-12-05 08:24:21
646,6.94040,10.87278,7.79364,2017-12-05 08:24:25
647,6.94040,11.15186,7.79556,2017-12-05 08:24:29
648,6.94040,10.44145,7.75761,2017-12-05 08:24:33
649,6.94040,11.10022,7.72218,2017-12-05 08:24:37
650,6.94040,11.50435,7.69584,2017-12-05 08:24:41
651,6.94040,10.78054,7.67977,2017-12-05 08:24:45
652,6.94040,10.69821,7.68260,2017-12-05 08:24:50
653,6.94040,11.05204,7.68477,2017-12-05 08:24:54
654,6.94040,10.83781,7.68629,2017-12-05 08:24:58
655,6.94040,11.15953,7.70632,2017-12-05 08:25:02
656,6.94040,10.99044,7.68493,2017-12-05 08:25:07
657,6.94040,11.27876,7.68122,2017-12-05 08:25:11
658,6.94040,10.76797,7.67986,2017-12-05 08:25:16
659,6.94040,10.72795,7.68887,2017-12-05 08:25:20
660,6.94040,11.17631,7.69564,2017-12-05 08:25:24
661,6.94040,11.17188,7.69802,2017-12-05 08:25:29
662,6.94040,12.51565,7.69345,2017-12-05 08:25:34
663,6.94040,10.87818,7.68685,2017-12-05 08:25:38
664,6.94040,10.96903,7.67980,2017-12-05 08:25:43
665,6.94040,11.11432,7.65301,2017-12-05 08:25:47
666,6.94040,10.71169,7.64153,2017-12-05 08:25:52
667,6.94040,11.00605,7.64764,2017-12-05 08:25:57
668,6.94040,10.64884,7.66600,2017-12-05 08:26:02
669,6.94040,10.72695,7.66422,2017-12-05 08:26:06
670,6.94040,11.00793,7.65158,2017-12-05 08:26:11
671,6.94040,10.88942,7.62847,2017-12-05 08:26:16
672,6.94040,11.63237,7.66144,2017-12-05 08:26:21
673,6.94040,11.04569,7.62678,2017-12-05 08:26:26
674,6.94040,11.18678,7.65040,2017-12-05 08:26:31
675,6.94040,11.32977,7.64082,2017-12-05 08:26:36
676,6.94040,11.71228,7.64532,2017-12-05 08:26:41
677,6.94040,11.34555,7.65876,2017-12-05 08:26:46
678,6.94040,10.81944,7.65647,2017-12-05 08:26:51
679,6.94040,11.07840,7.65347,2017-12-05 08:26:57
680,6.94040,11.02573,7.65265,2017-12-05 08:27:02
681,6.94040,11.70571,7.67846,2017-12-05 08:27:07
682,6.94040,10.83033,7.65530,2017-12-05 08:27:12
683,6.94040,11.90620,7.66562,2017-12-05 08:27:18
684,6.94040,11.64236,7.65985,2017-12-05 08:27:23
685,6.94040,10.79430,7.65981,2017-12-05 08:27:28
686,6.93069,11.20145,7.64791,2017-12-05 08:27:34
687,6.93069,10.63766,7.49412,2017-12-05 08:27:37
688,6.93069,9.74050,7.53998,2017-12-05 08:27:41
689,6.93069,10.76907,7.58124,2017-12-05 08:27:45
690,6.93069,11.13197,7.59832,2017-12-05 08:27:48
691,6.93069,10.48407,7.61687,2017-12-05 08:27:52
692,6.93069,10.23816,7.62863,2017-12-05 08:27:56
693,6.93069,10.42774,7.66367,2017-12-05 08:27:59
694,6.93069,11.13817,7.68882,2017-12-05 08:28:03
695,6.93069,10.22426,7.67786,2017-12-05 08:28:07
696,6.93069,9.87686,7.69906,2017-12-05 08:28:11
697,6.93069,10.41290,7.70590,2017-12-05 08:28:15
698,6.93069,10.76195,7.67361,2017-12-05 08:28:19
699,6.93069,10.08987,7.65937,2017-12-05 08:28:23
700,6.93069,11.49068,7.70730,2017-12-05 08:28:27
701,6.93069,10.65167,7.70292,2017-12-05 08:28:31
702,6.93069,11.00027,7.64915,2017-12-05 08:28:35
703,6.93069,10.39163,7.62409,2017-12-05 08:28:39
704,6.93069,11.91950,7.61886,2017-12-05 08:28:43
705,6.93069,10.76191,7.64583,2017-12-05 08:28:48
706,6.93069,10.47701,7.65102,2017-12-05 08:28:52
707,6.93069,11.20449,7.65716,2017-12-05 08:28:56
708,6.93069,10.75978,7.64769,2017-12-05 08:29:00
709,6.93069,11.15093,7.66699,2017-12-05 08:29:05
710,6.93069,11.17772,7.66099,2017-12-05 08:29:09
711,6.91492,10.51441,7.64579,2017-12-05 08:29:14
712,6.91492,9.78294,7.55412,2017-12-05 08:29:17
713,6.91492,10.55902,7.59107,2017-12-05 08:29:21
714,6.91492,10.16425,7.60381,2017-12-05 08:29:24
715,6.91492,9.74458,7.60588,2017-12-05 08:29:28
716,6.91492,10.69789,7.65910,2017-12-05 08:29:32
717,6.91492,10.04200,7.65946,2017-12-05 08:29:35
718,6.91492,10.16433,7.66308,2017-12-05 08:29:39
719,6.91492,10.04649,7.65590,2017-12-05 08:29:43
720,6.91492,10.40607,7.67176,2017-12-05 08:29:47
721,6.91492,10.46873,7.69567,2017-12-05 08:29:51
722,6.91492,11.31510,7.71292,2017-12-05 08:29:55
723,6.91492,10.48605,7.72273,2017-12-05 08:29:59
724,6.91492,11.68844,7.73316,2017-12-05 08:30:03
725,6.91492,10.57032,7.72552,2017-12-05 08:30:07
726,6.91492,10.38418,7.69840,2017-12-05 08:30:11
727,6.91492,10.90981,7.66511,2017-12-05 08:30:15
728,6.91492,10.70546,7.66128,2017-12-05 08:30:19
729,6.91492,10.70767,7.64282,2017-12-05 08:30:23
730,6.91492,11.52314,7.64745,2017-12-05 08:30:27
731,6.91492,10.87786,7.65548,2017-12-05 08:30:32
732,6.91492,11.08932,7.67977,2017-12-05 08:30:36
733,6.91492,11.23097,7.67071,2017-12-05 08:30:40
734,6.91492,10.82068,7.64942,2017-12-05 08:30:45
735,6.91492,10.84092,7.65842,2017-12-05 08:30:49
736,6.91492,10.75461,7.64992,2017-12-05 08:30:53
737,6.91492,10.83761,7.63638,2017-12-05 08:30:58
738,6.91492,11.22724,7.66530,2017-12-05 08:31:02
739,6.91492,10.69575,7.61266,2017-12-05 08:31:07
740,6.91492,10.78936,7.62667,2017-12-05 08:31:12
741,6.91492,10.78535,7.61199,2017-12-05 08:31:16
742,6.91492,11.24192,7.61325,2017-12-05 08:31:21
743,6.91492,10.89707,7.62664,2017-12-05 08:31:25
744,6.91422,11.23113,7.58130,2017-12-05 08:31:30
745,6.91422,10.49112,7.47378,2017-12-05 08:31:34
746,6.91422,11.03111,7.54334,2017-12-05 08:31:37
747,6.91422,10.74688,7.56157,2017-12-05 08:31:41
748,6.91422,10.16260,7.59214,2017-12-05 08:31:45
749,6.91422,10.95368,7.59909,2017-12-05 08:31:48
750,6.91422,10.86082,7.64466,2017-12-05 08:31:52
751,6.91422,11.29485,7.66120,2017-12-05 08:31:56
752,6.91422,11.02621,7.68228,2017-12-05 08:32:00
753,6.91422,11.21440,7.68337,2017-12-05 08:32:04
754,6.91422,9.96786,7.66643,2017-12-05 08:32:07
755,6.91422,11.65169,7.68013,2017-12-05 08:32:11
756,6.91422,10.90519,7.70847,2017-12-05 08:32:15
757,6.91422,10.69756,7.71524,2017-12-05 08:32:19
758,6.91422,11.00306,7.73528,2017-12-05 08:32:23
759,6.91422,10.86466,7.69012,2017-12-05 08:32:27
760,6.91422,10.91289,7.66853,2017-12-05 08:32:31
761,6.91422,10.80906,7.64756,2017-12-05 08:32:36
762,6.91422,11.34924,7.64231,2017-12-05 08:32:40
763,6.91422,11.34837,7.63977,2017-12-05 08:32:44
764,6.91422,10.83347,7.60821,2017-12-05 08:32:48
765,6.91422,11.12053,7.58965,2017-12-05 08:32:53
766,6.91422,12.05912,7.62013,2017-12-05 08:32:57
767,6.91422,10.91875,7.59939,2017-12-05 08:33:01
768,6.91422,10.07821,7.59532,2017-12-05 08:33:06
769,6.91422,11.08169,7.62157,2017-12-05 08:33:10
770,6.91422,10.99171,7.62638,2017-12-05 08:33:15
771,6.91422,10.69169,7.61587,2017-12-05 08:33:19
772,6.88056,11.19317,7.61938,2017-12-05 08:33:24
773,6.88056,10.41331,7.50234,2017-12-05 08:33:27
774,6.88056,11.09694,7.55691,2017-12-05 08:33:31
775,6.88056,11.11261,7.59698,2017-12-05 08:33:34
776,6.88056,10.54685,7.59815,2017-12-05 08:33:38
777,6.88056,10.06415,7.61884,2017-12-05 08:33:42
778,6.88056,10.47807,7.62838,2017-12-05 08:33:46
779,6.88056,10.65557,7.63119,2017-12-05 08:33:49
780,6.88056,10.58375,7.68905,2017-12-05 08:33:53
781,6.88056,11.07931,7.69132,2017-12-05 08:33:57
782,6.88056,10.86906,7.68919,2017-12-05 08:34:01
783,6.88056,10.41418,7.67154,2017-12-05 08:34:05
784,6.88056,10.70256,7.72679,2017-12-05 08:34:09
785,6.88056,10.46071,7.71952,2017-12-05 08:34:13
786,6.88056,10.99463,7.70320,2017-12-05 08:34:17
787,6.88056,10.73968,7.68095,2017-12-05 08:34:21
788,6.88056,10.82082,7.62952,2017-12-05 08:34:25
789,6.88056,10.74957,7.60654,2017-12-05 08:34:29
790,6.88056,10.92799,7.61189,2017-12-05 08:34:33
791,6.88056,10.82900,7.62911,2017-12-05 08:34:38
792,6.88056,10.53464,7.61628,2017-12-05 08:34:42
793,6.88056,10.70321,7.61206,2017-12-05 08:34:46
794,6.88056,10.57749,7.61334,2017-12-05 08:34:50
795,6.88056,11.11422,7.62482,2017-12-05 08:34:55
796,6.88056,10.86518,7.61911,2017-12-05 08:34:59
797,6.88056,10.69376,7.61422,2017-12-05 08:35:04
798,6.88056,10.81607,7.62507,2017-12-05 08:35:08
799,6.88056,10.91546,7.63792,2017-12-05 08:35:12
800,6.88056,10.85220,7.60996,2017-12-05 08:35:17
801,6.88056,11.65947,7.61264,2017-12-05 08:35:22
802,6.88056,10.72749,7.59094,2017-12-05 08:35:26
803,6.88056,10.97067,7.59449,2017-12-05 08:35:31
804,6.88056,10.69667,7.55863,2017-12-05 08:35:35
805,6.88056,10.70043,7.59092,2017-12-05 08:35:40
806,6.88056,11.63671,7.60478,2017-12-05 08:35:45
807,6.88056,10.93632,7.60797,2017-12-05 08:35:50
808,6.88056,10.94398,7.61503,2017-12-05 08:35:54
809,6.88056,11.56138,7.58715,2017-12-05 08:35:59
810,6.88056,10.86195,7.59339,2017-12-05 08:36:04
811,6.88056,11.06097,7.59166,2017-12-05 08:36:09
812,6.88056,11.03907,7.58559,2017-12-05 08:36:14
813,6.88056,11.26856,7.63401,2017-12-05 08:36:19
814,6.88056,11.71704,7.61261,2017-12-05 08:36:24
815,6.88056,11.03848,7.59693,2017-12-05 08:36:29
816,6.88056,10.81785,7.60013,2017-12-05 08:36:34
817,6.88056,10.76607,7.60208,2017-12-05 08:36:39
818,6.87561,11.88746,7.60591,2017-12-05 08:36:44
819,6.84243,10.61138,7.46740,2017-12-05 08:36:48
820,6.84243,10.40838,7.50748,2017-12-05 08:36:51
821,6.84243,11.21924,7.56772,2017-12-05 08:36:55
822,6.84243,10.54481,7.57062,2017-12-05 08:36:59
823,6.84243,10.09802,7.54954,2017-12-05 08:37:02
824,6.84243,10.18472,7.58199,2017-12-05 08:37:06
825,6.84243,10.41891,7.57421,2017-12-05 08:37:10
826,6.84243,10.25304,7.56757,2017-12-05 08:37:13
827,6.84243,10.49129,7.61092,2017-12-05 08:37:17
828,6.84243,10.40254,7.61408,2017-12-05 08:37:21
829,6.84243,10.87443,7.65873,2017-12-05 08:37:25
830,6.84243,10.44146,7.66087,2017-12-05 08:37:29
831,6.84243,10.92457,7.68412,2017-12-05 08:37:33
832,6.84243,10.81401,7.67531,2017-12-05 08:37:37
833,6.84243,10.41609,7.67932,2017-12-05 08:37:41
834,6.84243,11.77270,7.68280,2017-12-05 08:37:45
835,6.84243,10.76984,7.65904,2017-12-05 08:37:49
836,6.84243,11.04720,7.60205,2017-12-05 08:37:53
837,6.84243,11.13634,7.63308,2017-12-05 08:37:57
838,6.84243,10.65348,7.62600,2017-12-05 08:38:01
839,6.84243,10.71049,7.63975,2017-12-05 08:38:05
840,6.84243,11.05761,7.64415,2017-12-05 08:38:10
841,6.84243,10.71928,7.65991,2017-12-05 08:38:14
842,6.84243,10.51458,7.62581,2017-12-05 08:38:18
843,6.84243,10.82800,7.64602,2017-12-05 08:38:23
844,6.79971,11.13530,7.63982,2017-12-05 08:38:27
845,6.79971,10.03268,7.52003,2017-12-05 08:38:31
846,6.77884,10.07123,7.55797,2017-12-05 08:38:34
847,6.77884,10.79366,7.60402,2017-12-05 08:38:38
848,6.77884,10.19211,7.61336,2017-12-05 08:38:41
849,6.77884,10.27246,7.61093,2017-12-05 08:38:45
850,6.77884,10.41402,7.58989,2017-12-05 08:38:49
851,6.77884,9.96691,7.59173,2017-12-05 08:38:52
852,6.77884,10.13044,7.62131,2017-12-05 08:38:56
853,6.77884,11.02294,7.62378,2017-12-05 08:39:00
854,6.77884,11.43828,7.64178,2017-12-05 08:39:04
855,6.77884,10.38212,7.61179,2017-12-05 08:39:07
856,6.77884,10.67472,7.62737,2017-12-05 08:39:11
857,6.77884,10.91406,7.64383,2017-12-05 08:39:15
858,6.77884,10.70566,7.61997,2017-12-05 08:39:19
859,6.77884,10.60860,7.62288,2017-12-05 08:39:23
860,6.77884,10.73636,7.63217,2017-12-05 08:39:27
861,6.77884,10.65179,7.65885,2017-12-05 08:39:31
862,6.77884,10.32706,7.63298,2017-12-05 08:39:35
863,6.77884,10.95399,7.60467,2017-12-05 08:39:39
864,6.77884,10.86112,7.60633,2017-12-05 08:39:44
865,6.77884,10.51109,7.57445,2017-12-05 08:39:48
866,6.77884,10.35903,7.57523,2017-12-05 08:39:52
867,6.77884,10.78473,7.57894,2017-12-05 08:39:56
868,6.77884,11.65342,7.58600,2017-12-05 08:40:00
869,6.77884,10.97232,7.59216,2017-12-05 08:40:05
870,6.77884,10.82547,7.59613,2017-12-05 08:40:09
871,6.77884,11.05027,7.56632,2017-12-05 08:40:14
872,6.77884,10.57701,7.57192,2017-12-05 08:40:18
873,6.77884,11.20629,7.55797,2017-12-05 08:40:22
874,6.77884,10.94431,7.56577,2017-12-05 08:40:27
875,6.77884,10.83745,7.57998,2017-12-05 08:40:32
876,6.77884,11.10048,7.57564,2017-12-05 08:40:36
877,6.77884,10.70011,7.54110,2017-12-05 08:40:41
878,6.77884,11.02310,7.55134,2017-12-05 08:40:45
879,6.77884,11.46291,7.54255,2017-12-05 08:40:50
880,6.77884,10.76985,7.53556,2017-12-05 08:40:55
881,6.77884,11.30516,7.52988,2017-12-05 08:41:00
882,6.77884,10.63753,7.51985,2017-12-05 08:41:05
883,6.77884,11.52201,7.53952,2017-12-05 08:41:09
884,6.77884,11.23344,7.54292,2017-12-05 08:41:14
885,6.77884,10.93689,7.51642,2017-12-05 08:41:19
886,6.77884,11.00778,7.55712,2017-12-05 08:41:24
887,6.77884,10.80048,7.54597,2017-12-05 08:41:29
888,6.77884,11.76172,7.52132,2017-12-05 08:41:34
889,6.77884,10.92736,7.51606,2017-12-05 08:41:39
890,6.77884,10.62651,7.52247,2017-12-05 08:41:44
891,6.77884,11.11098,7.53603,2017-12-05 08:41:50
892,6.77884,11.23290,7.55664,2017-12-05 08:41:55
893,6.77884,11.03450,7.53151,2017-12-05 08:42:00
894,6.77884,11.37571,7.52064,2017-12-05 08:42:05
895,6.77884,11.54275,7.54042,2017-12-05 08:42:10
896,6.77884,10.99312,7.55551,2017-12-05 08:42:16
897,6.77884,10.83418,7.56398,2017-12-05 08:42:21
898,6.77884,11.27235,7.56161,2017-12-05 08:42:26
899,6.77884,11.13847,7.55437,2017-12-05 08:42:32
900,6.77884,10.79144,7.56708,2017-12-05 08:42:37
901,6.77884,10.84246,7.55177,2017-12-05 08:42:43
902,6.77884,10.92832,7.52724,2017-12-05 08:42:48
903,6.77884,11.35161,7.54565,2017-12-05 08:42:54
904,6.77884,11.19009,7.56315,2017-12-05 08:42:59
905,6.77884,11.12612,7.53577,2017-12-05 08:43:05
906,6.77884,11.06531,7.55970,2017-12-05 08:43:11
907,6.77884,10.87944,7.55406,2017-12-05 08:43:16
908,6.77884,11.38119,7.56071,2017-12-05 08:43:22
909,6.77884,10.72509,7.55225,2017-12-05 08:43:28
910,6.77884,11.01570,7.56261,2017-12-05 08:43:34
911,6.77884,11.29801,7.56090,2017-12-05 08:43:40
912,6.77884,10.76110,7.53759,2017-12-05 08:43:46
913,6.77884,10.89671,7.55789,2017-12-05 08:43:51
914,6.77884,10.84361,7.53996,2017-12-05 08:43:58
915,6.77884,10.97011,7.53780,2017-12-05 08:44:04
916,6.77884,11.11753,7.55431,2017-12-05 08:44:10
917,6.77884,10.98950,7.52917,2017-12-05 08:44:16
918,6.77884,11.38290,7.53828,2017-12-05 08:44:22
919,6.77884,11.25919,7.53592,2017-12-05 08:44:28
920,6.77884,11.22221,7.54537,2017-12-05 08:44:34
921,6.77884,11.33199,7.55469,2017-12-05 08:44:40
922,6.77884,10.95321,7.55724,2017-12-05 08:44:47
923,6.75784,10.78961,7.53179,2017-12-05 08:44:53
924,6.75784,10.73869,7.35293,2017-12-05 08:44:56
925,6.75784,10.14220,7.37430,2017-12-05 08:45:00
926,6.75784,10.43402,7.39645,2017-12-05 08:45:04
927,6.75784,10.01219,7.45937,2017-12-05 08:45:07
928,6.75784,10.70217,7.48637,2017-12-05 08:45:11
929,6.75784,10.50211,7.51383,2017-12-05 08:45:15
930,6.75784,10.57619,7.54465,2017-12-05 08:45:18
931,6.75784,11.00670,7.56848,2017-12-05 08:45:22
932,6.75784,11.47399,7.60967,2017-12-05 08:45:26
933,6.74402,10.66589,7.61350,2017-12-05 08:45:30
934,6.74402,9.68909,7.55133,2017-12-05 08:45:33
935,6.74402,9.66875,7.56910,2017-12-05 08:45:37
936,6.74402,10.10434,7.56869,2017-12-05 08:45:41
937,6.74402,10.62874,7.54257,2017-12-05 08:45:44
938,6.74402,10.79253,7.54081,2017-12-05 08:45:48
939,6.74402,9.77297,7.55237,2017-12-05 08:45:52
940,6.74402,10.87166,7.57636,2017-12-05 08:45:56
941,6.74402,10.54166,7.58896,2017-12-05 08:45:59
942,6.74402,10.38863,7.57863,2017-12-05 08:46:03
943,6.74402,11.24739,7.61294,2017-12-05 08:46:07
944,6.74402,10.85734,7.63117,2017-12-05 08:46:11
945,6.74402,10.73867,7.62892,2017-12-05 08:46:15
946,6.74402,10.76597,7.63878,2017-12-05 08:46:19
947,6.74402,10.87327,7.65061,2017-12-05 08:46:23
948,6.74402,10.73230,7.62078,2017-12-05 08:46:27
949,6.74402,10.46071,7.56585,2017-12-05 08:46:31
950,6.74402,10.80266,7.55621,2017-12-05 08:46:35
951,6.74402,10.92644,7.55188,2017-12-05 08:46:39
952,6.74402,10.59877,7.52124,2017-12-05 08:46:44
953,6.74402,10.71370,7.55590,2017-12-05 08:46:48
954,6.74402,10.87353,7.53731,2017-12-05 08:46:52
955,6.74402,10.45085,7.52909,2017-12-05 08:46:57
956,6.74402,10.67049,7.53677,2017-12-05 08:47:01
957,6.74402,10.76440,7.51710,2017-12-05 08:47:05
958,6.74402,10.69405,7.54896,2017-12-05 08:47:10
959,6.74402,11.38125,7.54240,2017-12-05 08:47:14
960,6.74402,10.70925,7.51053,2017-12-05 08:47:19
961,6.74402,10.58038,7.51675,2017-12-05 08:47:23
962,6.74402,10.87334,7.54703,2017-12-05 08:47:28
963,6.74402,10.59504,7.53046,2017-12-05 08:47:32
964,6.74402,11.61505,7.49480,2017-12-05 08:47:37
965,6.74402,10.89147,7.49507,2017-12-05 08:47:41
966,6.74402,10.55869,7.50026,2017-12-05 08:47:46
967,6.74402,11.16642,7.49695,2017-12-05 08:47:51
968,6.74402,10.34594,7.50652,2017-12-05 08:47:56
969,6.74402,11.08900,7.50723,2017-12-05 08:48:01
970,6.74402,10.59806,7.49090,2017-12-05 08:48:05
971,6.74402,10.81574,7.50218,2017-12-05 08:48:10
972,6.74402,10.66720,7.50106,2017-12-05 08:48:15
973,6.74402,10.41351,7.48805,2017-12-05 08:48:20
974,6.74402,11.64335,7.50411,2017-12-05 08:48:25
975,6.74402,10.97031,7.51234,2017-12-05 08:48:30
976,6.74402,11.22476,7.52254,2017-12-05 08:48:35
977,6.74402,11.36340,7.49133,2017-12-05 08:48:40
978,6.74402,11.45841,7.52156,2017-12-05 08:48:46
979,6.74402,11.00418,7.51800,2017-12-05 08:48:51
980,6.74402,11.07131,7.51705,2017-12-05 08:48:56
981,6.74402,10.96949,7.50641,2017-12-05 08:49:01
982,6.74034,10.70978,7.52348,2017-12-05 08:49:06
983,6.74034,10.07607,7.38845,2017-12-05 08:49:10
984,6.74034,10.36286,7.44859,2017-12-05 08:49:14
985,6.74034,10.62559,7.47288,2017-12-05 08:49:17
986,6.74034,10.25697,7.50667,2017-12-05 08:49:21
987,6.74034,10.61292,7.51084,2017-12-05 08:49:25
988,6.74034,10.68777,7.51185,2017-12-05 08:49:28
989,6.74034,10.56502,7.52099,2017-12-05 08:49:32
990,6.74034,10.48345,7.60020,2017-12-05 08:49:36
991,6.74034,10.28050,7.62577,2017-12-05 08:49:40
992,6.74034,10.80144,7.64697,2017-12-05 08:49:44
993,6.74034,10.45487,7.61536,2017-12-05 08:49:47
994,6.74034,11.43170,7.62361,2017-12-05 08:49:51
995,6.74034,10.80098,7.61544,2017-12-05 08:49:55
996,6.74034,10.94092,7.61883,2017-12-05 08:49:59
997,6.74034,11.12067,7.62284,2017-12-05 08:50:03
998,6.74034,10.87758,7.57872,2017-12-05 08:50:08
999,6.74034,11.21311,7.57465,2017-12-05 08:50:12
1000,6.74034,10.74477,7.54317,2017-12-05 08:50:16
1001,6.74034,11.24677,7.53446,2017-12-05 08:50:20
1002,6.74034,10.70507,7.53448,2017-12-05 08:50:24
1003,6.74034,10.83051,7.52707,2017-12-05 08:50:28
1004,6.74034,10.48123,7.51262,2017-12-05 08:50:33
1005,6.74034,10.85298,7.51869,2017-12-05 08:50:37
1006,6.74034,10.86956,7.53842,2017-12-05 08:50:41
1007,6.74034,10.99470,7.49283,2017-12-05 08:50:46
1008,6.74034,10.94864,7.50235,2017-12-05 08:50:50
1009,6.74034,11.36281,7.54587,2017-12-05 08:50:55
1010,6.74034,10.79302,7.50493,2017-12-05 08:50:59
1011,6.74034,11.28262,7.52263,2017-12-05 08:51:04
1012,6.74034,11.13515,7.52336,2017-12-05 08:51:09
1013,6.74034,11.86967,7.50939,2017-12-05 08:51:13
1014,6.74034,11.01101,7.48228,2017-12-05 08:51:18
1015,6.74034,10.99759,7.46232,2017-12-05 08:51:23
1016,6.74034,11.51169,7.50444,2017-12-05 08:51:27
1017,6.74034,11.24526,7.51095,2017-12-05 08:51:32
1018,6.74034,10.66233,7.49474,2017-12-05 08:51:37
1019,6.74034,10.78436,7.49381,2017-12-05 08:51:42
1020,6.74034,11.66264,7.48383,2017-12-05 08:51:47
1021,6.74034,11.53945,7.47293,2017-12-05 08:51:52
1022,6.74034,10.96098,7.50308,2017-12-05 08:51:57
1023,6.74034,11.42418,7.50045,2017-12-05 08:52:02
1024,6.74034,10.63018,7.51619,2017-12-05 08:52:07
1025,6.74034,11.30683,7.50998,2017-12-05 08:52:12
1026,6.74034,10.66364,7.51484,2017-12-05 08:52:17
1027,6.74034,11.30430,7.49919,2017-12-05 08:52:22
1028,6.74034,11.69889,7.49466,2017-12-05 08:52:27
1029,6.74034,11.20353,7.50060,2017-12-05 08:52:33
1030,6.74034,10.89120,7.50965,2017-12-05 08:52:38
1031,6.74034,11.34155,7.50939,2017-12-05 08:52:43
1032,6.74034,11.09188,7.48261,2017-12-05 08:52:48
1033,6.74034,10.97326,7.49211,2017-12-05 08:52:54
1034,6.74034,11.60706,7.52957,2017-12-05 08:52:59
1035,6.74034,11.27317,7.50533,2017-12-05 08:53:05
1036,6.74034,11.10210,7.50646,2017-12-05 08:53:10
1037,6.74034,10.93052,7.50042,2017-12-05 08:53:16
1038,6.74034,11.80927,7.54725,2017-12-05 08:53:21
1039,6.74034,11.22860,7.53445,2017-12-05 08:53:27
1040,6.74034,10.74858,7.52412,2017-12-05 08:53:32
1041,6.74034,10.94516,7.51606,2017-12-05 08:53:38
1042,6.74034,11.08076,7.50541,2017-12-05 08:53:44
1043,6.74034,10.85078,7.50500,2017-12-05 08:53:49
1044,6.74034,11.49116,7.49197,2017-12-05 08:53:55
1045,6.74034,11.21510,7.53440,2017-12-05 08:54:01
1046,6.74034,11.50509,7.52553,2017-12-05 08:54:07
1047,6.74034,11.57492,7.53313,2017-12-05 08:54:13
1048,6.74034,11.10533,7.51471,2017-12-05 08:54:19
1049,6.74034,11.22023,7.52657,2017-12-05 08:54:25
1050,6.74034,10.99005,7.53156,2017-12-05 08:54:31
1051,6.74034,11.07228,7.49335,2017-12-05 08:54:37
1052,6.74034,11.04013,7.52114,2017-12-05 08:54:43
1053,6.74034,10.95358,7.50063,2017-12-05 08:54:49
1054,6.74034,11.38754,7.52258,2017-12-05 08:54:55
1055,6.74034,11.34793,7.51430,2017-12-05 08:55:01
1056,6.74034,11.39345,7.54539,2017-12-05 08:55:07
1057,6.74034,11.23541,7.53181,2017-12-05 08:55:14
1058,6.74034,11.04342,7.52813,2017-12-05 08:55:20
1059,6.74034,11.60189,7.53499,2017-12-05 08:55:26
1060,6.74034,11.36971,7.53609,2017-12-05 08:55:33
1061,6.74034,11.08721,7.55863,2017-12-05 08:55:39
1062,6.74034,11.29106,7.53537,2017-12-05 08:55:46
1063,6.74034,11.30081,7.54262,2017-12-05 08:55:52
1064,6.74034,11.01183,7.53131,2017-12-05 08:55:59
1065,6.74034,11.83915,7.53670,2017-12-05 08:56:05
1066,6.74034,10.74827,7.51770,2017-12-05 08:56:12
1067,6.74034,11.17330,7.54624,2017-12-05 08:56:19
1068,6.74034,11.59853,7.53627,2017-12-05 08:56:25
1069,6.70168,11.50325,7.52989,2017-12-05 08:56:32
1070,6.70168,10.37312,7.28126,2017-12-05 08:56:35
1071,6.70168,10.45041,7.36651,2017-12-05 08:56:39
1072,6.70168,10.57716,7.42451,2017-12-05 08:56:43
1073,6.70168,10.78856,7.45781,2017-12-05 08:56:46
1074,6.70168,10.77451,7.49262,2017-12-05 08:56:50
1075,6.70168,10.55190,7.50034,2017-12-05 08:56:54
1076,6.70168,10.97062,7.54057,2017-12-05 08:56:58
1077,6.70168,10.52794,7.53139,2017-12-05 08:57:01
1078,6.70168,10.48657,7.51312,2017-12-05 08:57:05
1079,6.70168,10.75634,7.55605,2017-12-05 08:57:09
1080,6.70168,10.72096,7.58547,2017-12-05 08:57:13
1081,6.70168,10.98977,7.58797,2017-12-05 08:57:17
1082,6.70168,10.63474,7.58664,2017-12-05 08:57:21
1083,6.70168,11.12105,7.60292,2017-12-05 08:57:25
1084,6.70168,10.99205,7.58179,2017-12-05 08:57:29
1085,6.70168,11.66654,7.55450,2017-12-05 08:57:33
1086,6.70168,10.84150,7.53619,2017-12-05 08:57:38
1087,6.70168,10.64559,7.51603,2017-12-05 08:57:42
1088,6.70168,10.46606,7.50613,2017-12-05 08:57:46
1089,6.70168,10.69596,7.51726,2017-12-05 08:57:50
1090,6.70168,10.75317,7.52159,2017-12-05 08:57:55
1091,6.70168,10.80427,7.52242,2017-12-05 08:57:59
1092,6.70168,11.72662,7.53857,2017-12-05 08:58:03
1093,6.70168,10.78969,7.52089,2017-12-05 08:58:08
1094,6.70168,10.81867,7.51833,2017-12-05 08:58:12
1095,6.70168,11.16164,7.53182,2017-12-05 08:58:17
1096,6.70168,10.49352,7.50059,2017-12-05 08:58:21
1097,6.70168,10.99043,7.51442,2017-12-05 08:58:26
1098,6.70168,11.01325,7.50434,2017-12-05 08:58:30
1099,6.70168,11.12217,7.52190,2017-12-05 08:58:35
1100,6.70168,10.92999,7.49040,2017-12-05 08:58:40
1101,6.70168,11.27904,7.49232,2017-12-05 08:58:44
1102,6.70168,10.79005,7.47434,2017-12-05 08:58:49
1103,6.70168,11.54897,7.48023,2017-12-05 08:58:54
1104,6.70168,11.11035,7.45510,2017-12-05 08:58:59
1105,6.70168,11.26118,7.46665,2017-12-05 08:59:04
1106,6.70168,10.72030,7.46651,2017-12-05 08:59:08
1107,6.70168,11.49076,7.48751,2017-12-05 08:59:13
1108,6.70168,10.66055,7.46500,2017-12-05 08:59:18
1109,6.70168,11.10339,7.48989,2017-12-05 08:59:23
1110,6.70168,10.96696,7.49573,2017-12-05 08:59:28
1111,6.70168,10.84007,7.49553,2017-12-05 08:59:33
1112,6.70168,10.57704,7.49739,2017-12-05 08:59:38
1113,6.70168,10.71509,7.48802,2017-12-05 08:59:44
1114,6.70168,11.03090,7.49402,2017-12-05 08:59:49
1115,6.70168,10.91224,7.47989,2017-12-05 08:59:54
1116,6.70168,11.01633,7.51047,2017-12-05 08:59:59
1117,6.70168,11.28643,7.47862,2017-12-05 09:00:04
1118,6.70168,10.62819,7.48276,2017-12-05 09:00:10
1119,6.70168,11.00043,7.47999,2017-12-05 09:00:15
1120,6.70168,11.43246,7.48730,2017-12-05 09:00:21
1121,6.70168,10.90336,7.47290,2017-12-05 09:00:26
1122,6.70168,11.10439,7.48006,2017-12-05 09:00:31
1123,6.70168,11.04357,7.47154,2017-12-05 09:00:37
1124,6.70168,11.09086,7.48335,2017-12-05 09:00:43
1125,6.70168,11.25083,7.47605,2017-12-05 09:00:48
1126,6.70168,10.48212,7.48168,2017-12-05 09:00:54
1127,6.70168,11.49700,7.49944,2017-12-05 09:00:59
1128,6.70168,11.73393,7.49669,2017-12-05 09:01:05
1129,6.70168,10.80886,7.49023,2017-12-05 09:01:11
1130,6.70168,11.31557,7.49484,2017-12-05 09:01:16
1131,6.70168,11.40047,7.48951,2017-12-05 09:01:22
1132,6.70168,11.02214,7.48518,2017-12-05 09:01:28
1133,6.70168,11.42281,7.47978,2017-12-05 09:01:34
1134,6.70168,11.62269,7.47578,2017-12-05 09:01:40
1135,6.70168,11.56646,7.48643,2017-12-05 09:01:46
1136,6.70016,11.06503,7.47291,2017-12-05 09:01:52
1137,6.70016,10.23290,7.30617,2017-12-05 09:01:55
1138,6.70016,10.21698,7.34350,2017-12-05 09:01:59
1139,6.70016,11.22856,7.39007,2017-12-05 09:02:03
1140,6.70016,10.81551,7.42253,2017-12-05 09:02:06
1141,6.70016,10.16451,7.45475,2017-12-05 09:02:10
1142,6.70016,10.89360,7.48106,2017-12-05 09:02:14
1143,6.70016,10.65762,7.48925,2017-12-05 09:02:17
1144,6.70016,10.83311,7.51848,2017-12-05 09:02:21
1145,6.70016,11.50811,7.56268,2017-12-05 09:02:25
1146,6.70016,10.44609,7.55359,2017-12-05 09:02:29
1147,6.70016,11.40830,7.55673,2017-12-05 09:02:33
1148,6.70016,10.84094,7.53650,2017-12-05 09:02:37
1149,6.70016,11.07248,7.52843,2017-12-05 09:02:41
1150,6.65940,10.83713,7.53898,2017-12-05 09:02:45
1151,6.65940,9.99323,7.45856,2017-12-05 09:02:49
1152,6.65940,11.16642,7.49908,2017-12-05 09:02:52
1153,6.65940,10.86886,7.50910,2017-12-05 09:02:56
1154,6.65940,9.89342,7.50355,2017-12-05 09:03:00
1155,6.65940,10.30626,7.48098,2017-12-05 09:03:03
1156,6.65940,10.41177,7.50357,2017-12-05 09:03:07
1157,6.65940,10.28203,7.49162,2017-12-05 09:03:11
1158,6.65940,11.16998,7.50002,2017-12-05 09:03:15
1159,6.65940,10.39355,7.50496,2017-12-05 09:03:18
1160,6.65940,10.58405,7.55044,2017-12-05 09:03:22
1161,6.65940,11.18676,7.55488,2017-12-05 09:03:26
1162,6.65940,11.30319,7.58202,2017-12-05 09:03:30
1163,6.65940,11.10193,7.55303,2017-12-05 09:03:34
1164,6.65940,11.61490,7.56276,2017-12-05 09:03:38
1165,6.65940,11.18073,7.59698,2017-12-05 09:03:42
1166,6.65940,10.43691,7.52075,2017-12-05 09:03:46
1167,6.65940,10.94110,7.52589,2017-12-05 09:03:51
1168,6.65940,10.47080,7.49448,2017-12-05 09:03:55
1169,6.65940,10.73478,7.49114,2017-12-05 09:03:59
1170,6.65940,11.20726,7.50816,2017-12-05 09:04:03
1171,6.65940,11.74338,7.50314,2017-12-05 09:04:08
1172,6.65940,10.79750,7.48012,2017-12-05 09:04:12
1173,6.65940,11.51640,7.49322,2017-12-05 09:04:16
1174,6.65940,10.89387,7.47447,2017-12-05 09:04:21
1175,6.65940,10.88817,7.47385,2017-12-05 09:04:25
1176,6.65940,11.02336,7.48395,2017-12-05 09:04:30
1177,6.65940,10.89637,7.48291,2017-12-05 09:04:34
1178,6.65940,10.51471,7.46811,2017-12-05 09:04:39
1179,6.65940,11.32331,7.46933,2017-12-05 09:04:43
1180,6.65940,10.83703,7.50005,2017-12-05 09:04:48
1181,6.65940,12.14530,7.46113,2017-12-05 09:04:53
1182,6.65940,11.00313,7.44597,2017-12-05 09:04:57
1183,6.65940,10.58169,7.42164,2017-12-05 09:05:02
1184,6.65940,11.05636,7.44331,2017-12-05 09:05:07
1185,6.65940,11.64214,7.44179,2017-12-05 09:05:12
1186,6.65940,11.07074,7.44130,2017-12-05 09:05:17
1187,6.65940,11.01448,7.45554,2017-12-05 09:05:21
1188,6.65940,11.24280,7.44712,2017-12-05 09:05:26
1189,6.65940,11.08955,7.43817,2017-12-05 09:05:31
1190,6.65940,11.03808,7.44634,2017-12-05 09:05:36
1191,6.65940,11.31900,7.44741,2017-12-05 09:05:41
1192,6.65940,11.54109,7.44120,2017-12-05 09:05:46
1193,6.65940,11.45783,7.45850,2017-12-05 09:05:52
1194,6.65940,10.72721,7.44928,2017-12-05 09:05:57
1195,6.65940,11.32956,7.45899,2017-12-05 09:06:02
1196,6.65940,11.08791,7.45233,2017-12-05 09:06:07
1197,6.65940,11.00165,7.47036,2017-12-05 09:06:12
1198,6.65940,11.23201,7.43806,2017-12-05 09:06:18
1199,6.65940,11.32971,7.47152,2017-12-05 09:06:23
1200,6.65940,10.68338,7.43543,2017-12-05 09:06:28
1201,6.65940,11.64356,7.44971,2017-12-05 09:06:34
1202,6.65940,11.38957,7.44504,2017-12-05 09:06:39
1203,6.65940,11.50608,7.44965,2017-12-05 09:06:45
1204,6.65940,11.25974,7.46418,2017-12-05 09:06:50
1205,6.65940,11.07617,7.45816,2017-12-05 09:06:56
1206,6.65940,11.70174,7.45381,2017-12-05 09:07:01
1207,6.65940,11.34058,7.46141,2017-12-05 09:07:07
1208,6.65940,11.15518,7.42970,2017-12-05 09:07:13
1209,6.65940,11.23459,7.45245,2017-12-05 09:07:18
1210,6.65940,11.30473,7.43871,2017-12-05 09:07:24
1211,6.65940,11.05026,7.45345,2017-12-05 09:07:30
1212,6.65940,11.03442,7.45913,2017-12-05 09:07:35
1213,6.65940,11.06899,7.45494,2017-12-05 09:07:41
1214,6.65940,11.55141,7.45720,2017-12-05 09:07:47
1215,6.65940,11.31424,7.46795,2017-12-05 09:07:53
1216,6.65940,10.80147,7.45992,2017-12-05 09:07:59
1217,6.65940,11.59099,7.43842,2017-12-05 09:08:05
1218,6.65940,11.10409,7.44239,2017-12-05 09:08:11
1219,6.65940,11.34266,7.45210,2017-12-05 09:08:17
1220,6.65940,11.42763,7.43103,2017-12-05 09:08:24
1221,6.65940,11.00826,7.45903,2017-12-05 09:08:30
1222,6.65940,11.29504,7.46684,2017-12-05 09:08:36
1223,6.65940,11.45554,7.45588,2017-12-05 09:08:42
1224,6.65940,11.45365,7.44238,2017-12-05 09:08:48
1225,6.65940,11.59094,7.44625,2017-12-05 09:08:55
1226,6.65940,11.69727,7.46437,2017-12-05 09:09:01
1227,6.65940,11.02953,7.43610,2017-12-05 09:09:07
1228,6.65940,10.92331,7.46774,2017-12-05 09:09:14
1229,6.65940,11.17632,7.46315,2017-12-05 09:09:20
1230,6.65940,11.94295,7.45969,2017-12-05 09:09:27
1231,6.65940,11.27957,7.46042,2017-12-05 09:09:33
1232,6.65940,11.45774,7.47100,2017-12-05 09:09:39
1233,6.65940,10.94599,7.47168,2017-12-05 09:09:46
1234,6.65940,10.83085,7.45810,2017-12-05 09:09:53
1235,6.65940,10.81380,7.44965,2017-12-05 09:09:59
1236,6.65940,11.25910,7.46327,2017-12-05 09:10:06
1237,6.65940,11.37655,7.47000,2017-12-05 09:10:13
1238,6.65002,11.26858,7.46821,2017-12-05 09:10:19
1239,6.65002,10.15099,7.23977,2017-12-05 09:10:23
1240,6.65002,10.15171,7.27842,2017-12-05 09:10:27
1241,6.65002,10.23039,7.33929,2017-12-05 09:10:30
1242,6.65002,10.80667,7.36527,2017-12-05 09:10:34
1243,6.65002,10.60983,7.37697,2017-12-05 09:10:38
1244,6.65002,10.44393,7.40256,2017-12-05 09:10:42
1245,6.65002,10.40712,7.40250,2017-12-05 09:10:45
1246,6.65002,10.31421,7.42283,2017-12-05 09:10:49
1247,6.65002,10.97256,7.46887,2017-12-05 09:10:53
1248,6.65002,10.52219,7.50623,2017-12-05 09:10:57
1249,6.65002,10.90227,7.51461,2017-12-05 09:11:01
1250,6.65002,11.21826,7.50010,2017-12-05 09:11:05
1251,6.65002,11.02187,7.46147,2017-12-05 09:11:09
1252,6.65002,10.24421,7.47852,2017-12-05 09:11:13
1253,6.65002,11.59772,7.48028,2017-12-05 09:11:17
1254,6.65002,11.45275,7.47430,2017-12-05 09:11:21
1255,6.65002,10.95588,7.45977,2017-12-05 09:11:26
1256,6.65002,10.46845,7.44929,2017-12-05 09:11:30
1257,6.65002,11.50041,7.46221,2017-12-05 09:11:34
1258,6.65002,10.43086,7.40707,2017-12-05 09:11:38
1259,6.65002,10.73428,7.42969,2017-12-05 09:11:43
1260,6.65002,10.76173,7.43690,2017-12-05 09:11:47
1261,6.65002,11.14181,7.46122,2017-12-05 09:11:51
1262,6.65002,11.40316,7.42898,2017-12-05 09:11:56
1263,6.65002,10.75032,7.44621,2017-12-05 09:12:00
1264,6.65002,10.61421,7.43279,2017-12-05 09:12:05
1265,6.65002,11.19681,7.44209,2017-12-05 09:12:09
1266,6.65002,11.43619,7.42310,2017-12-05 09:12:14
1267,6.65002,11.12568,7.41425,2017-12-05 09:12:18
1268,6.65002,10.90273,7.47109,2017-12-05 09:12:23
1269,6.65002,11.38528,7.40755,2017-12-05 09:12:28
1270,6.65002,10.69373,7.39134,2017-12-05 09:12:32
1271,6.65002,10.86081,7.42142,2017-12-05 09:12:37
1272,6.65002,11.27794,7.40171,2017-12-05 09:12:42
1273,6.65002,11.21913,7.41137,2017-12-05 09:12:47
1274,6.65002,11.03492,7.40016,2017-12-05 09:12:52
1275,6.65002,10.95249,7.39268,2017-12-05 09:12:57
1276,6.65002,10.59171,7.38400,2017-12-05 09:13:01
1277,6.65002,11.31122,7.42374,2017-12-05 09:13:06
1278,6.65002,11.12654,7.39944,2017-12-05 09:13:11
1279,6.65002,11.38526,7.40712,2017-12-05 09:13:16
1280,6.64651,11.22494,7.40437,2017-12-05 09:13:21
1281,6.64651,9.45803,7.27226,2017-12-05 09:13:25
1282,6.64651,10.09485,7.32232,2017-12-05 09:13:29
1283,6.64651,10.28265,7.36485,2017-12-05 09:13:32
1284,6.64651,10.23503,7.40303,2017-12-05 09:13:36
1285,6.64651,10.30480,7.42863,2017-12-05 09:13:40
1286,6.64651,10.18317,7.41135,2017-12-05 09:13:43
1287,6.64651,10.43620,7.42736,2017-12-05 09:13:47
1288,6.64651,11.16981,7.45938,2017-12-05 09:13:51
1289,6.64651,10.72330,7.49268,2017-12-05 09:13:55
1290,6.64651,10.86708,7.50459,2017-12-05 09:13:59
1291,6.64651,10.37137,7.52471,2017-12-05 09:14:03
1292,6.64651,11.28213,7.56491,2017-12-05 09:14:07
1293,6.64651,10.59397,7.53234,2017-12-05 09:14:11
1294,6.64651,10.76700,7.57490,2017-12-05 09:14:15
1295,6.64651,10.96656,7.60291,2017-12-05 09:14:19
1296,6.64651,10.28798,7.54571,2017-12-05 09:14:23
1297,6.64651,10.78488,7.48303,2017-12-05 09:14:28
1298,6.64651,11.53066,7.45416,2017-12-05 09:14:32
1299,6.64651,10.89042,7.43228,2017-12-05 09:14:36
1300,6.64651,11.13958,7.45179,2017-12-05 09:14:40
1301,6.64651,10.63565,7.44560,2017-12-05 09:14:44
1302,6.64651,10.73865,7.44239,2017-12-05 09:14:49
1303,6.64651,11.59615,7.45812,2017-12-05 09:14:53
1304,6.64651,11.01347,7.43116,2017-12-05 09:14:58
1305,6.64651,11.18005,7.46097,2017-12-05 09:15:02
1306,6.64651,11.75599,7.47610,2017-12-05 09:15:06
1307,6.64651,10.90472,7.46992,2017-12-05 09:15:11
1308,6.64651,11.37955,7.47037,2017-12-05 09:15:15
1309,6.64651,11.02426,7.45355,2017-12-05 09:15:20
1310,6.64651,11.33013,7.47458,2017-12-05 09:15:24
1311,6.64651,10.66354,7.43486,2017-12-05 09:15:29
1312,6.64651,11.43133,7.43727,2017-12-05 09:15:34
1313,6.64651,10.64341,7.39876,2017-12-05 09:15:39
1314,6.64651,10.62469,7.39584,2017-12-05 09:15:43
1315,6.64651,10.74302,7.41069,2017-12-05 09:15:48
1316,6.64651,10.49955,7.39709,2017-12-05 09:15:53
1317,6.64651,10.96126,7.40183,2017-12-05 09:15:58
1318,6.64651,10.88719,7.42226,2017-12-05 09:16:03
1319,6.64651,10.98935,7.40829,2017-12-05 09:16:08
1320,6.64651,11.82016,7.40163,2017-12-05 09:16:12
1321,6.64651,11.52007,7.42476,2017-12-05 09:16:17
1322,6.64651,11.56745,7.41497,2017-12-05 09:16:23
1323,6.64651,11.17623,7.42019,2017-12-05 09:16:28
1324,6.64651,10.81531,7.40911,2017-12-05 09:16:33
1325,6.64651,11.26896,7.40865,2017-12-05 09:16:38
1326,6.64651,11.09766,7.43115,2017-12-05 09:16:43
1327,6.64651,11.22748,7.42817,2017-12-05 09:16:48
1328,6.64651,11.44803,7.43291,2017-12-05 09:16:54
1329,6.62834,11.27490,7.41972,2017-12-05 09:16:59
1330,6.62834,9.89358,7.25912,2017-12-05 09:17:03
1331,6.62834,10.18223,7.32688,2017-12-05 09:17:06
1332,6.62834,10.82378,7.36341,2017-12-05 09:17:10
1333,6.62834,10.20471,7.40603,2017-12-05 09:17:14
1334,6.62834,10.37391,7.44676,2017-12-05 09:17:17
1335,6.62834,9.90849,7.43979,2017-12-05 09:17:21
1336,6.62834,10.68688,7.47355,2017-12-05 09:17:25
1337,6.62834,10.15745,7.48371,2017-12-05 09:17:29
1338,6.62834,10.78864,7.47540,2017-12-05 09:17:33
1339,6.62834,11.48521,7.49714,2017-12-05 09:17:37
1340,6.62834,11.15447,7.47438,2017-12-05 09:17:41
1341,6.62834,10.09123,7.46645,2017-12-05 09:17:45
1342,6.62834,10.75448,7.48666,2017-12-05 09:17:49
1343,6.62834,11.17500,7.47761,2017-12-05 09:17:53
1344,6.62834,11.55944,7.48088,2017-12-05 09:17:57
1345,6.62834,11.11574,7.44305,2017-12-05 09:18:01
1346,6.62834,11.53359,7.43655,2017-12-05 09:18:05
1347,6.62834,10.88455,7.43377,2017-12-05 09:18:09
1348,6.62834,10.91163,7.42921,2017-12-05 09:18:14
1349,6.62834,10.87719,7.41946,2017-12-05 09:18:18
1350,6.62834,11.25596,7.40802,2017-12-05 09:18:22
1351,6.62834,10.50561,7.42733,2017-12-05 09:18:26
1352,6.62834,11.06884,7.43757,2017-12-05 09:18:31
1353,6.62834,10.82260,7.43017,2017-12-05 09:18:35
1354,6.62834,11.84001,7.43300,2017-12-05 09:18:40
1355,6.62834,11.50287,7.41742,2017-12-05 09:18:44
1356,6.62834,10.99035,7.42116,2017-12-05 09:18:49
1357,6.62834,11.69370,7.42643,2017-12-05 09:18:53
1358,6.62834,11.25230,7.44159,2017-12-05 09:18:58
1359,6.62834,11.38528,7.45192,2017-12-05 09:19:03
1360,6.62834,11.16236,7.40822,2017-12-05 09:19:07
1361,6.62834,11.87669,7.41315,2017-12-05 09:19:12
1362,6.62834,11.75124,7.44322,2017-12-05 09:19:17
1363,6.62834,11.84725,7.39037,2017-12-05 09:19:22
1364,6.62834,11.91270,7.42724,2017-12-05 09:19:26
1365,6.62834,11.74479,7.42229,2017-12-05 09:19:31
1366,6.62834,11.35491,7.42008,2017-12-05 09:19:36
1367,6.62834,11.33743,7.42289,2017-12-05 09:19:41
1368,6.62834,11.15638,7.40610,2017-12-05 09:19:46
1369,6.62834,11.43684,7.42577,2017-12-05 09:19:51
1370,6.62834,11.17659,7.44510,2017-12-05 09:19:56
1371,6.62834,11.75428,7.43859,2017-12-05 09:20:01
1372,6.62834,10.88821,7.42211,2017-12-05 09:20:06
1373,6.62834,11.56209,7.44705,2017-12-05 09:20:11
1374,6.62834,11.14692,7.44232,2017-12-05 09:20:17
1375,6.62834,11.44945,7.43360,2017-12-05 09:20:22
1376,6.62834,12.02904,7.43334,2017-12-05 09:20:27
1377,6.62834,11.60501,7.43252,2017-12-05 09:20:32
1378,6.62834,11.21844,7.42563,2017-12-05 09:20:38
1379,6.62834,11.59900,7.43803,2017-12-05 09:20:43
1380,6.62834,11.89957,7.44453,2017-12-05 09:20:49
1381,6.62834,11.36671,7.47233,2017-12-05 09:20:54
1382,6.62834,12.31173,7.45465,2017-12-05 09:20:59
1383,6.62834,11.14543,7.44152,2017-12-05 09:21:05
1384,6.62834,11.55446,7.45760,2017-12-05 09:21:11
1385,6.62834,11.23284,7.44892,2017-12-05 09:21:16
1386,6.62834,12.24825,7.48266,2017-12-05 09:21:22
1387,6.62834,11.19840,7.46795,2017-12-05 09:21:28
1388,6.62834,11.40828,7.44222,2017-12-05 09:21:33
1389,6.62834,11.55441,7.46847,2017-12-05 09:21:39
1390,6.62834,11.35183,7.45894,2017-12-05 09:21:45
1391,6.62834,10.95333,7.44899,2017-12-05 09:21:51
1392,6.62834,11.33241,7.46086,2017-12-05 09:21:57
1393,6.62834,11.53448,7.44287,2017-12-05 09:22:03
1394,6.62834,11.45334,7.44516,2017-12-05 09:22:09
1395,6.62834,12.13718,7.46874,2017-12-05 09:22:15
1396,6.62834,12.31231,7.44455,2017-12-05 09:22:21
1397,6.62834,11.28801,7.44667,2017-12-05 09:22:27
1398,6.62834,11.38332,7.46052,2017-12-05 09:22:33
1399,6.62834,11.43822,7.44266,2017-12-05 09:22:39
1400,6.60685,10.94115,7.42717,2017-12-05 09:22:45
1401,6.60685,10.76343,7.22587,2017-12-05 09:22:49
1402,6.60685,10.65266,7.28345,2017-12-05 09:22:52
1403,6.60685,10.41964,7.33633,2017-12-05 09:22:56
1404,6.60685,11.12425,7.36515,2017-12-05 09:23:00
1405,6.60685,10.71852,7.40719,2017-12-05 09:23:03
1406,6.60685,11.25940,7.42331,2017-12-05 09:23:07
1407,6.60685,11.18452,7.45467,2017-12-05 09:23:11
1408,6.60685,10.54317,7.46993,2017-12-05 09:23:15
1409,6.60685,10.99722,7.47728,2017-12-05 09:23:19
1410,6.60685,10.90747,7.51277,2017-12-05 09:23:23
1411,6.60685,10.64777,7.55134,2017-12-05 09:23:27
1412,6.60685,10.59429,7.54775,2017-12-05 09:23:31
1413,6.60685,10.68904,7.51384,2017-12-05 09:23:35
1414,6.60685,10.61384,7.49514,2017-12-05 09:23:39
1415,6.60685,11.04453,7.49815,2017-12-05 09:23:43
1416,6.60685,11.43042,7.49871,2017-12-05 09:23:47
1417,6.60685,10.74406,7.46770,2017-12-05 09:23:51
1418,6.60685,10.89713,7.46435,2017-12-05 09:23:55
1419,6.60685,11.37053,7.47797,2017-12-05 09:24:00
1420,6.60685,11.25217,7.46067,2017-12-05 09:24:04
1421,6.60685,10.97434,7.45683,2017-12-05 09:24:08
1422,6.60685,11.23939,7.43057,2017-12-05 09:24:13
1423,6.60685,11.01198,7.46158,2017-12-05 09:24:17
1424,6.60685,10.66772,7.44021,2017-12-05 09:24:22
1425,6.60685,11.15312,7.44239,2017-12-05 09:24:26
1426,6.60685,10.94358,7.42737,2017-12-05 09:24:31
1427,6.60685,10.83428,7.45439,2017-12-05 09:24:35
1428,6.60685,11.26005,7.46356,2017-12-05 09:24:40
1429,6.60685,11.16990,7.43421,2017-12-05 09:24:44
1430,6.60685,11.42765,7.46847,2017-12-05 09:24:49
1431,6.60685,11.32814,7.45399,2017-12-05 09:24:54
1432,6.60685,11.14737,7.41248,2017-12-05 09:24:58
1433,6.60685,12.11733,7.42782,2017-12-05 09:25:03
1434,6.60685,11.38647,7.42228,2017-12-05 09:25:08
1435,6.60685,11.37876,7.46041,2017-12-05 09:25:13
1436,6.60685,11.70786,7.45893,2017-12-05 09:25:17
1437,6.60685,11.59051,7.42980,2017-12-05 09:25:22
1438,6.60685,11.19168,7.43707,2017-12-05 09:25:27
1439,6.60685,11.08284,7.40672,2017-12-05 09:25:32
1440,6.60685,11.87393,7.43397,2017-12-05 09:25:37
1441,6.60685,11.29578,7.43919,2017-12-05 09:25:42
1442,6.60685,11.76398,7.43240,2017-12-05 09:25:47
1443,6.60685,11.61097,7.43379,2017-12-05 09:25:52
1444,6.60685,11.60868,7.44061,2017-12-05 09:25:58
1445,6.60685,11.56747,7.45189,2017-12-05 09:26:03
1446,6.60685,11.29355,7.43471,2017-12-05 09:26:08
1447,6.60685,11.40130,7.42817,2017-12-05 09:26:13
1448,6.60685,11.44849,7.42746,2017-12-05 09:26:19
1449,6.60685,11.74958,7.41724,2017-12-05 09:26:24
1450,6.60685,11.17251,7.46276,2017-12-05 09:26:29
1451,6.60685,11.18687,7.44898,2017-12-05 09:26:35
1452,6.60685,11.91198,7.44024,2017-12-05 09:26:40
1453,6.60685,11.39492,7.43344,2017-12-05 09:26:45
1454,6.60685,12.52488,7.42145,2017-12-05 09:26:51
1455,6.60685,11.04601,7.42226,2017-12-05 09:26:56
1456,6.60685,12.21550,7.46881,2017-12-05 09:27:02
1457,6.60685,11.39549,7.44505,2017-12-05 09:27:08
1458,6.60685,11.82367,7.45162,2017-12-05 09:27:13
1459,6.60685,11.25394,7.43979,2017-12-05 09:27:19
1460,6.60685,11.71640,7.46761,2017-12-05 09:27:25
1461,6.60685,11.02754,7.45774,2017-12-05 09:27:30
1462,6.60685,11.39356,7.44877,2017-12-05 09:27:36
1463,6.60685,11.20118,7.41747,2017-12-05 09:27:42
1464,6.60685,11.25727,7.43388,2017-12-05 09:27:48
1465,6.60685,11.96093,7.47399,2017-12-05 09:27:54
1466,6.60685,11.21997,7.45123,2017-12-05 09:28:00
1467,6.60685,12.07073,7.44410,2017-12-05 09:28:06
1468,6.60685,11.52740,7.43194,2017-12-05 09:28:11
1469,6.60685,11.77954,7.43290,2017-12-05 09:28:18
1470,6.60685,11.03394,7.46218,2017-12-05 09:28:24
1471,6.60685,10.93014,7.43848,2017-12-05 09:28:30
1472,6.60685,11.72291,7.47056,2017-12-05 09:28:36
1473,6.60685,11.43688,7.47297,2017-12-05 09:28:42
1474,6.60685,12.17889,7.47392,2017-12-05 09:28:48
1475,6.60685,12.22091,7.47892,2017-12-05 09:28:55
1476,6.60685,11.26027,7.44957,2017-12-05 09:29:01
1477,6.60685,11.77174,7.46418,2017-12-05 09:29:07
1478,6.60685,11.39148,7.45735,2017-12-05 09:29:14
1479,6.60685,11.94721,7.45813,2017-12-05 09:29:20
1480,6.58121,12.54335,7.45738,2017-12-05 09:29:26
1481,6.58121,10.75244,7.20613,2017-12-05 09:29:30
1482,6.58121,10.89395,7.28649,2017-12-05 09:29:34
1483,6.58121,10.79951,7.30080,2017-12-05 09:29:37
1484,6.58121,10.57302,7.34703,2017-12-05 09:29:41
1485,6.58121,11.05929,7.38173,2017-12-05 09:29:45
1486,6.58121,11.55743,7.41811,2017-12-05 09:29:49
1487,6.58121,10.14912,7.42289,2017-12-05 09:29:52
1488,6.58121,10.55200,7.46926,2017-12-05 09:29:56
1489,6.58121,11.28870,7.51278,2017-12-05 09:30:00
1490,6.58121,10.42093,7.48678,2017-12-05 09:30:04
1491,6.58121,10.98803,7.47978,2017-12-05 09:30:08
1492,6.58121,11.26392,7.55435,2017-12-05 09:30:12
1493,6.58121,10.97236,7.53404,2017-12-05 09:30:16
1494,6.58121,10.79333,7.52983,2017-12-05 09:30:20
1495,6.58121,10.73179,7.49916,2017-12-05 09:30:24
1496,6.58121,10.60036,7.47387,2017-12-05 09:30:28
1497,6.58121,11.14680,7.43686,2017-12-05 09:30:32
1498,6.58121,11.10796,7.43979,2017-12-05 09:30:37
1499,6.58121,11.04943,7.43901,2017-12-05 09:30:41
1500,6.58121,11.57808,7.41530,2017-12-05 09:30:45
1501,6.58121,11.59584,7.41730,2017-12-05 09:30:49
1502,6.58121,10.86723,7.43094,2017-12-05 09:30:54
1503,6.58121,11.95820,7.44064,2017-12-05 09:30:58
1504,6.58121,11.73327,7.41197,2017-12-05 09:31:03
1505,6.58121,11.27562,7.42530,2017-12-05 09:31:07
1506,6.58121,10.84805,7.41406,2017-12-05 09:31:12
1507,6.58121,11.25291,7.42135,2017-12-05 09:31:16
1508,6.58121,10.95657,7.43381,2017-12-05 09:31:21
1509,6.58121,11.61939,7.42748,2017-12-05 09:31:25
1510,6.58121,11.40168,7.40377,2017-12-05 09:31:30
1511,6.58121,10.97967,7.40332,2017-12-05 09:31:35
1512,6.58121,11.23632,7.39512,2017-12-05 09:31:39
1513,6.58121,11.98562,7.39567,2017-12-05 09:31:44
1514,6.58121,10.68568,7.37202,2017-12-05 09:31:49
1515,6.58121,11.80833,7.39658,2017-12-05 09:31:54
1516,6.58121,10.59802,7.37627,2017-12-05 09:31:59
1517,6.58121,11.17860,7.40829,2017-12-05 09:32:04
1518,6.58121,11.26129,7.39684,2017-12-05 09:32:09
1519,6.58121,11.36467,7.40644,2017-12-05 09:32:14
1520,6.58121,11.44064,7.41786,2017-12-05 09:32:19
1521,6.58121,10.83579,7.42435,2017-12-05 09:32:24
1522,6.58121,11.52969,7.39337,2017-12-05 09:32:29
1523,6.58121,11.60592,7.37725,2017-12-05 09:32:34
1524,6.58121,11.39871,7.39106,2017-12-05 09:32:39
1525,6.58121,11.34367,7.39231,2017-12-05 09:32:44
1526,6.58121,11.12013,7.40465,2017-12-05 09:32:49
1527,6.58121,11.52845,7.40513,2017-12-05 09:32:55
1528,6.58121,11.68305,7.43496,2017-12-05 09:33:00
1529,6.58121,11.90478,7.40665,2017-12-05 09:33:05
1530,6.57570,12.34823,7.40891,2017-12-05 09:33:11
1531,6.57570,9.99247,7.19523,2017-12-05 09:33:14
1532,6.57570,10.04090,7.25787,2017-12-05 09:33:18
1533,6.57570,10.63005,7.28674,2017-12-05 09:33:21
1534,6.57570,10.65768,7.32228,2017-12-05 09:33:25
1535,6.57570,10.31839,7.33944,2017-12-05 09:33:29
1536,6.57570,11.20911,7.38726,2017-12-05 09:33:33
1537,6.57570,11.20834,7.40813,2017-12-05 09:33:36
1538,6.57570,10.92669,7.46900,2017-12-05 09:33:40
1539,6.57570,10.42875,7.44081,2017-12-05 09:33:44
1540,6.57570,11.56137,7.47742,2017-12-05 09:33:48
1541,6.57570,11.63196,7.48721,2017-12-05 09:33:52
1542,6.57570,11.21981,7.47543,2017-12-05 09:33:56
1543,6.57570,10.60632,7.48290,2017-12-05 09:34:00
1544,6.57570,11.09991,7.50423,2017-12-05 09:34:04
1545,6.57570,10.29471,7.48799,2017-12-05 09:34:08
1546,6.57570,11.26174,7.47434,2017-12-05 09:34:12
1547,6.57570,11.01501,7.45657,2017-12-05 09:34:16
1548,6.57570,11.04323,7.41073,2017-12-05 09:34:21
1549,6.57570,10.85338,7.41205,2017-12-05 09:34:25
1550,6.57570,11.18573,7.43467,2017-12-05 09:34:29
1551,6.57570,10.66786,7.41745,2017-12-05 09:34:34
1552,6.57570,11.13764,7.42562,2017-12-05 09:34:38
1553,6.57570,10.92080,7.40231,2017-12-05 09:34:42
1554,6.57570,11.20436,7.42600,2017-12-05 09:34:47
1555,6.57570,11.41289,7.42034,2017-12-05 09:34:51
1556,6.57570,11.46968,7.41224,2017-12-05 09:34:56
1557,6.57570,11.03019,7.38168,2017-12-05 09:35:00
1558,6.57570,11.34267,7.40622,2017-12-05 09:35:05
1559,6.57570,10.77732,7.40082,2017-12-05 09:35:09
1560,6.57570,11.69531,7.39955,2017-12-05 09:35:14
1561,6.57570,11.17872,7.38364,2017-12-05 09:35:19
1562,6.57570,12.37223,7.37050,2017-12-05 09:35:23
1563,6.57570,11.62373,7.38842,2017-12-05 09:35:28
1564,6.57570,11.27377,7.38907,2017-12-05 09:35:33
1565,6.57570,10.89893,7.37716,2017-12-05 09:35:38
1566,6.57570,11.09041,7.38965,2017-12-05 09:35:43
1567,6.57570,11.42927,7.37308,2017-12-05 09:35:48
1568,6.57570,11.38016,7.34780,2017-12-05 09:35:53
1569,6.57570,11.94026,7.39111,2017-12-05 09:35:57
1570,6.57570,11.66309,7.41298,2017-12-05 09:36:03
1571,6.57570,11.34248,7.40538,2017-12-05 09:36:08
1572,6.57570,11.20989,7.40315,2017-12-05 09:36:13
1573,6.57570,12.18128,7.38451,2017-12-05 09:36:18
1574,6.57570,11.92383,7.39273,2017-12-05 09:36:23
1575,6.57570,10.95380,7.37781,2017-12-05 09:36:28
1576,6.57570,11.63153,7.40124,2017-12-05 09:36:33
1577,6.57570,10.96812,7.37751,2017-12-05 09:36:39
1578,6.57570,11.13994,7.37576,2017-12-05 09:36:44
1579,6.57570,11.09338,7.36410,2017-12-05 09:36:49
1580,6.57570,11.36086,7.37372,2017-12-05 09:36:55
1581,6.57570,11.37545,7.36475,2017-12-05 09:37:00
1582,6.57570,11.37416,7.42064,2017-12-05 09:37:05
1583,6.57570,11.52884,7.39459,2017-12-05 09:37:11
1584,6.57570,11.10677,7.39209,2017-12-05 09:37:16
1585,6.57570,10.94780,7.39320,2017-12-05 09:37:22
1586,6.57570,12.04024,7.40828,2017-12-05 09:37:27
1587,6.57570,11.83987,7.40422,2017-12-05 09:37:33
1588,6.57570,11.11556,7.40322,2017-12-05 09:37:39
1589,6.57570,11.42620,7.40669,2017-12-05 09:37:44
1590,6.57570,11.00139,7.39681,2017-12-05 09:37:50
1591,6.57570,11.72866,7.42057,2017-12-05 09:37:56
1592,6.57570,11.79815,7.42408,2017-12-05 09:38:02
1593,6.57570,11.00132,7.38335,2017-12-05 09:38:08
1594,6.57570,11.53972,7.39265,2017-12-05 09:38:14
1595,6.57570,11.09875,7.38389,2017-12-05 09:38:19
1596,6.57570,11.33142,7.40282,2017-12-05 09:38:25
1597,6.57570,12.43283,7.39363,2017-12-05 09:38:31
1598,6.57570,10.94489,7.39017,2017-12-05 09:38:37
1599,6.57570,11.62460,7.38844,2017-12-05 09:38:43
1600,6.57570,11.11529,7.40899,2017-12-05 09:38:49
1601,6.57570,11.87760,7.42057,2017-12-05 09:38:56
1602,6.57570,11.62856,7.42099,2017-12-05 09:39:02
1603,6.51034,11.25905,7.40758,2017-12-05 09:39:08
1604,6.51034,10.33232,7.16920,2017-12-05 09:39:11
1605,6.51034,11.04853,7.25801,2017-12-05 09:39:15
1606,6.51034,11.74688,7.28822,2017-12-05 09:39:19
1607,6.51034,10.96393,7.30764,2017-12-05 09:39:22
1608,6.51034,11.13087,7.33165,2017-12-05 09:39:26
1609,6.51034,10.79453,7.36137,2017-12-05 09:39:30
1610,6.51034,10.84974,7.39482,2017-12-05 09:39:34
1611,6.51034,10.73101,7.40554,2017-12-05 09:39:37
1612,6.51034,10.43923,7.44367,2017-12-05 09:39:41
1613,6.51034,10.51140,7.45992,2017-12-05 09:39:45
1614,6.51034,10.93493,7.47668,2017-12-05 09:39:49
1615,6.51034,11.24589,7.48714,2017-12-05 09:39:53
1616,6.51034,11.22041,7.43696,2017-12-05 09:39:57
1617,6.51034,11.87005,7.42111,2017-12-05 09:40:01
1618,6.51034,10.87531,7.40111,2017-12-05 09:40:05
1619,6.51034,11.31775,7.39689,2017-12-05 09:40:09
1620,6.51034,11.59475,7.37833,2017-12-05 09:40:13
1621,6.51034,11.38146,7.35782,2017-12-05 09:40:17
1622,6.51034,10.68450,7.36922,2017-12-05 09:40:22
1623,6.51034,12.18832,7.38729,2017-12-05 09:40:26
1624,6.51034,10.97188,7.35070,2017-12-05 09:40:30
1625,6.51034,11.52691,7.36127,2017-12-05 09:40:34
1626,6.51034,11.34575,7.35325,2017-12-05 09:40:39
1627,6.51034,11.68989,7.34853,2017-12-05 09:40:43
1628,6.51034,10.58379,7.30902,2017-12-05 09:40:48
1629,6.51034,11.07744,7.35155,2017-12-05 09:40:52
1630,6.51034,11.44821,7.38537,2017-12-05 09:40:57
1631,6.51034,11.85851,7.37717,2017-12-05 09:41:01
1632,6.51034,12.05432,7.36318,2017-12-05 09:41:06
1633,6.51034,11.42904,7.34291,2017-12-05 09:41:10
1634,6.51034,10.99817,7.31241,2017-12-05 09:41:15
1635,6.51034,11.23895,7.31232,2017-12-05 09:41:20
1636,6.51034,12.89673,7.34278,2017-12-05 09:41:24
1637,6.51034,11.83543,7.33605,2017-12-05 09:41:29
1638,6.51034,11.21352,7.33215,2017-12-05 09:41:34
1639,6.51034,11.65371,7.33123,2017-12-05 09:41:39
1640,6.51034,11.54403,7.33424,2017-12-05 09:41:44
1641,6.51034,12.09170,7.32452,2017-12-05 09:41:48
1642,6.51034,11.64849,7.31533,2017-12-05 09:41:53
1643,6.51034,11.54997,7.33972,2017-12-05 09:41:58
1644,6.51034,11.43915,7.33315,2017-12-05 09:42:03
1645,6.51034,11.12324,7.32969,2017-12-05 09:42:08
1646,6.51034,10.85620,7.32736,2017-12-05 09:42:13
1647,6.51034,11.33565,7.30859,2017-12-05 09:42:19
1648,6.51034,11.34961,7.32338,2017-12-05 09:42:24
1649,6.51034,11.25491,7.31962,2017-12-05 09:42:29
1650,6.51034,11.64853,7.32433,2017-12-05 09:42:34
1651,6.51034,11.87485,7.34846,2017-12-05 09:42:40
1652,6.51034,11.65538,7.32449,2017-12-05 09:42:45
1653,6.51034,11.40544,7.34872,2017-12-05 09:42:50
1654,6.51034,11.22131,7.31617,2017-12-05 09:42:56
1655,6.51034,11.48905,7.33403,2017-12-05 09:43:01
1656,6.51034,11.31713,7.32819,2017-12-05 09:43:06
1657,6.51034,11.88375,7.33486,2017-12-05 09:43:12
1658,6.51034,11.72892,7.36030,2017-12-05 09:43:17
1659,6.51034,11.27440,7.33442,2017-12-05 09:43:23
1660,6.51034,11.19331,7.35546,2017-12-05 09:43:29
1661,6.51034,11.31726,7.34919,2017-12-05 09:43:34
1662,6.51034,11.08839,7.33529,2017-12-05 09:43:40
1663,6.51034,11.56088,7.35209,2017-12-05 09:43:46
1664,6.51034,11.15808,7.35009,2017-12-05 09:43:51
1665,6.51034,11.39927,7.35206,2017-12-05 09:43:57
1666,6.51034,11.88278,7.32441,2017-12-05 09:44:03
1667,6.51034,11.99286,7.34422,2017-12-05 09:44:09
1668,6.50111,11.57706,7.36746,2017-12-05 09:44:15
1669,6.50111,10.03462,7.15658,2017-12-05 09:44:18
1670,6.50111,10.99429,7.20781,2017-12-05 09:44:22
1671,6.50111,10.81778,7.23243,2017-12-05 09:44:26
1672,6.50111,10.21445,7.27638,2017-12-05 09:44:29
1673,6.50111,10.93201,7.31955,2017-12-05 09:44:33
1674,6.50111,10.74532,7.37630,2017-12-05 09:44:37
1675,6.50111,11.19938,7.34613,2017-12-05 09:44:41
1676,6.50111,10.56378,7.34573,2017-12-05 09:44:44
1677,6.50111,10.89177,7.34177,2017-12-05 09:44:48
1678,6.50111,10.40354,7.34494,2017-12-05 09:44:52
1679,6.50111,11.36124,7.40016,2017-12-05 09:44:56
1680,6.50111,10.81026,7.41654,2017-12-05 09:45:00
1681,6.50111,10.89766,7.41627,2017-12-05 09:45:04
1682,6.50111,11.16737,7.39376,2017-12-05 09:45:08
1683,6.50111,11.61922,7.39524,2017-12-05 09:45:12
1684,6.50111,11.27305,7.36720,2017-12-05 09:45:16
1685,6.50111,11.28066,7.34023,2017-12-05 09:45:20
1686,6.50111,10.87464,7.34520,2017-12-05 09:45:25
1687,6.50111,11.84891,7.33593,2017-12-05 09:45:29
1688,6.50111,10.72399,7.32307,2017-12-05 09:45:33
1689,6.50111,11.34549,7.32352,2017-12-05 09:45:37
1690,6.50111,11.15605,7.33072,2017-12-05 09:45:42
1691,6.50111,10.68123,7.32514,2017-12-05 09:45:46
1692,6.50111,11.54340,7.32927,2017-12-05 09:45:51
1693,6.50111,11.84755,7.32535,2017-12-05 09:45:55
1694,6.50111,12.15305,7.36682,2017-12-05 09:46:00
1695,6.50111,11.85930,7.35055,2017-12-05 09:46:04
1696,6.50111,11.18363,7.32946,2017-12-05 09:46:09
1697,6.50111,10.75007,7.31459,2017-12-05 09:46:13
1698,6.50111,11.14424,7.35151,2017-12-05 09:46:18
1699,6.50111,11.12497,7.30339,2017-12-05 09:46:23
1700,6.50111,11.12680,7.31850,2017-12-05 09:46:27
1701,6.50111,11.60959,7.30052,2017-12-05 09:46:32
1702,6.50111,11.31665,7.31001,2017-12-05 09:46:37
1703,6.50111,11.74660,7.33755,2017-12-05 09:46:41
1704,6.50111,11.47148,7.30611,2017-12-05 09:46:46
1705,6.50111,11.00418,7.30934,2017-12-05 09:46:51
1706,6.50111,11.64371,7.28862,2017-12-05 09:46:56
1707,6.50111,11.07321,7.31381,2017-12-05 09:47:01
1708,6.50111,10.89448,7.30500,2017-12-05 09:47:06
1709,6.50111,11.29643,7.29575,2017-12-05 09:47:11
1710,6.50111,12.07670,7.32394,2017-12-05 09:47:16
1711,6.50111,11.52855,7.32636,2017-12-05 09:47:21
1712,6.50111,11.33092,7.30576,2017-12-05 09:47:26
1713,6.50111,11.81883,7.32469,2017-12-05 09:47:32
1714,6.50111,11.75412,7.30208,2017-12-05 09:47:37
1715,6.50111,11.24382,7.33702,2017-12-05 09:47:42
1716,6.50111,11.24020,7.31208,2017-12-05 09:47:47
1717,6.50111,10.98681,7.32266,2017-12-05 09:47:53
1718,6.50111,10.88055,7.32501,2017-12-05 09:47:58
1719,6.50111,11.22805,7.31616,2017-12-05 09:48:04
1720,6.50111,11.17465,7.34391,2017-12-05 09:48:09
1721,6.50111,11.56347,7.32097,2017-12-05 09:48:14
1722,6.50111,11.64230,7.33447,2017-12-05 09:48:20
1723,6.50111,12.02967,7.34218,2017-12-05 09:48:25
1724,6.50111,11.60528,7.32446,2017-12-05 09:48:31
1725,6.50111,11.28671,7.34284,2017-12-05 09:48:37
1726,6.50111,11.05090,7.34885,2017-12-05 09:48:42
1727,6.50111,11.75869,7.35760,2017-12-05 09:48:48
1728,6.50111,11.21009,7.32376,2017-12-05 09:48:54
1729,6.50111,11.41017,7.37005,2017-12-05 09:48:59
1730,6.50111,11.79925,7.35127,2017-12-05 09:49:05
1731,6.50111,11.46118,7.32251,2017-12-05 09:49:11
1732,6.50111,11.57644,7.37059,2017-12-05 09:49:17
1733,6.50111,11.33491,7.34613,2017-12-05 09:49:23
1734,6.50111,11.78548,7.34515,2017-12-05 09:49:29
1735,6.50111,11.86260,7.34488,2017-12-05 09:49:35
1736,6.50111,11.04016,7.35720,2017-12-05 09:49:41
1737,6.50111,11.85427,7.33758,2017-12-05 09:49:47
1738,6.50111,11.51106,7.35085,2017-12-05 09:49:53
1739,6.50111,12.01417,7.37170,2017-12-05 09:49:59
1740,6.50111,11.70743,7.34946,2017-12-05 09:50:05
1741,6.50111,11.17082,7.34847,2017-12-05 09:50:11
1742,6.50111,11.04448,7.33291,2017-12-05 09:50:18
1743,6.50111,11.86239,7.32992,2017-12-05 09:50:24
1744,6.50111,11.29135,7.36282,2017-12-05 09:50:30
1745,6.50111,12.05323,7.35751,2017-12-05 09:50:36
1746,6.50111,11.69980,7.34017,2017-12-05 09:50:43
1747,6.50111,11.76251,7.34745,2017-12-05 09:50:49
1748,6.50111,11.44376,7.35727,2017-12-05 09:50:56
1749,6.50111,11.79149,7.37035,2017-12-05 09:51:02
1750,6.50111,11.61127,7.37068,2017-12-05 09:51:09
1751,6.50111,11.74461,7.39038,2017-12-05 09:51:15
1752,6.42612,11.49683,7.37820,2017-12-05 09:51:22
1753,6.42612,10.74659,7.10169,2017-12-05 09:51:25
1754,6.42612,10.15244,7.16042,2017-12-05 09:51:29
1755,6.42612,10.22905,7.20664,2017-12-05 09:51:33
1756,6.42612,10.45377,7.25728,2017-12-05 09:51:36
1757,6.42612,11.02793,7.31753,2017-12-05 09:51:40
1758,6.42612,11.05320,7.33240,2017-12-05 09:51:44
1759,6.42612,10.74119,7.37773,2017-12-05 09:51:48
1760,6.42612,11.84375,7.37553,2017-12-05 09:51:51
1761,6.42612,11.65695,7.37599,2017-12-05 09:51:55
1762,6.42612,11.31778,7.38040,2017-12-05 09:51:59
1763,6.42612,11.35712,7.41123,2017-12-05 09:52:03
1764,6.42612,11.09021,7.41775,2017-12-05 09:52:07
1765,6.42612,10.81515,7.40005,2017-12-05 09:52:11
1766,6.42612,11.79988,7.42269,2017-12-05 09:52:15
1767,6.42612,10.81283,7.41051,2017-12-05 09:52:19
1768,6.42612,11.09713,7.37889,2017-12-05 09:52:23
1769,6.42612,11.50479,7.37554,2017-12-05 09:52:27
1770,6.42612,11.42187,7.37887,2017-12-05 09:52:32
1771,6.42612,11.40562,7.37688,2017-12-05 09:52:36
1772,6.42612,11.06603,7.32259,2017-12-05 09:52:40
1773,6.42612,11.37175,7.36112,2017-12-05 09:52:44
1774,6.42612,11.44304,7.33649,2017-12-05 09:52:49
1775,6.42612,10.80604,7.32365,2017-12-05 09:52:53
1776,6.42612,11.21064,7.35194,2017-12-05 09:52:57
1777,6.42612,11.07753,7.34934,2017-12-05 09:53:02
1778,6.42612,11.43209,7.35605,2017-12-05 09:53:06
1779,6.42612,10.93726,7.34525,2017-12-05 09:53:11
1780,6.42612,10.72109,7.34704,2017-12-05 09:53:15
1781,6.42612,11.24064,7.35689,2017-12-05 09:53:20
1782,6.42612,11.76880,7.34008,2017-12-05 09:53:25
1783,6.42612,11.56466,7.31353,2017-12-05 09:53:29
1784,6.42612,11.24673,7.30080,2017-12-05 09:53:34
1785,6.42612,11.83675,7.32752,2017-12-05 09:53:39
1786,6.42612,11.27980,7.30246,2017-12-05 09:53:43
1787,6.42612,11.81196,7.30933,2017-12-05 09:53:48
1788,6.42612,11.37727,7.29191,2017-12-05 09:53:53
1789,6.42612,11.38038,7.34880,2017-12-05 09:53:58
1790,6.42612,11.31906,7.32557,2017-12-05 09:54:03
1791,6.42612,11.17410,7.29289,2017-12-05 09:54:08
1792,6.42612,11.45654,7.31904,2017-12-05 09:54:13
1793,6.42612,11.35348,7.31344,2017-12-05 09:54:18
1794,6.42612,12.07092,7.32642,2017-12-05 09:54:23
1795,6.42612,11.34658,7.30722,2017-12-05 09:54:28
1796,6.42612,11.46015,7.30350,2017-12-05 09:54:33
1797,6.42612,11.99492,7.30807,2017-12-05 09:54:38
1798,6.42612,12.00688,7.32578,2017-12-05 09:54:43
1799,6.42612,11.81197,7.32066,2017-12-05 09:54:49
1800,6.42612,10.77295,7.31989,2017-12-05 09:54:54
1801,6.42612,11.36905,7.30973,2017-12-05 09:54:59
1802,6.42612,12.05922,7.31823,2017-12-05 09:55:05
1803,6.42612,11.82282,7.33414,2017-12-05 09:55:10
1804,6.42612,11.22545,7.31250,2017-12-05 09:55:16
1805,6.42612,11.98257,7.33596,2017-12-05 09:55:21
1806,6.42612,12.31398,7.33406,2017-12-05 09:55:27
1807,6.42612,11.64400,7.33725,2017-12-05 09:55:32
1808,6.42612,11.19074,7.34802,2017-12-05 09:55:38
1809,6.42612,11.17298,7.35948,2017-12-05 09:55:43
1810,6.42612,11.37536,7.33064,2017-12-05 09:55:49
1811,6.42612,11.72760,7.33748,2017-12-05 09:55:55
1812,6.42612,11.86871,7.34451,2017-12-05 09:56:00
1813,6.42612,11.34108,7.33018,2017-12-05 09:56:06
1814,6.42612,11.58909,7.34810,2017-12-05 09:56:12
1815,6.42612,11.76602,7.35899,2017-12-05 09:56:18
1816,6.42612,11.93874,7.36315,2017-12-05 09:56:24
1817,6.42612,12.01714,7.35202,2017-12-05 09:56:30
1818,6.42612,11.82558,7.35951,2017-12-05 09:56:35
1819,6.42612,11.77130,7.34480,2017-12-05 09:56:41
1820,6.42612,11.82055,7.37756,2017-12-05 09:56:47
1821,6.42612,11.59224,7.36632,2017-12-05 09:56:54
1822,6.42612,11.94596,7.37936,2017-12-05 09:57:00
1823,6.42612,11.38853,7.35749,2017-12-05 09:57:06
1824,6.42612,11.94253,7.34254,2017-12-05 09:57:12
1825,6.42612,11.40186,7.37031,2017-12-05 09:57:18
1826,6.42612,11.09701,7.34561,2017-12-05 09:57:24
1827,6.42612,11.72575,7.37694,2017-12-05 09:57:31
1828,6.42612,11.49843,7.39701,2017-12-05 09:57:37
1829,6.42612,11.66601,7.37327,2017-12-05 09:57:43
1830,6.42612,11.33331,7.35613,2017-12-05 09:57:50
1831,6.42612,11.83859,7.38643,2017-12-05 09:57:56
1832,6.42612,12.30350,7.35036,2017-12-05 09:58:03
1833,6.42612,11.51094,7.37290,2017-12-05 09:58:09
1834,6.42612,11.42654,7.37736,2017-12-05 09:58:16
1835,6.42612,12.39616,7.39571,2017-12-05 09:58:22
1836,6.42612,11.63978,7.35669,2017-12-05 09:58:29
1837,6.42612,12.12199,7.37176,2017-12-05 09:58:35
1838,6.42612,11.27279,7.37803,2017-12-05 09:58:42
1839,6.42612,11.38108,7.36233,2017-12-05 09:58:49
1840,6.42612,11.84629,7.34669,2017-12-05 09:58:56
1841,6.42612,11.75387,7.37406,2017-12-05 09:59:02
1842,6.42612,11.92759,7.37914,2017-12-05 09:59:09
1843,6.42612,11.70332,7.37723,2017-12-05 09:59:16
1844,6.42612,11.60814,7.36691,2017-12-05 09:59:23
1845,6.42612,11.54176,7.38502,2017-12-05 09:59:30
1846,6.42612,11.58389,7.39443,2017-12-05 09:59:37
1847,6.42612,11.82679,7.38025,2017-12-05 09:59:44
1848,6.42612,11.94570,7.36787,2017-12-05 09:59:51
1849,6.42612,11.71528,7.38569,2017-12-05 09:59:58
1850,6.42612,11.88826,7.38307,2017-12-05 10:00:05
1851,6.42612,12.19912,7.36785,2017-12-05 10:00:12
1852,6.42612,11.63892,7.34509,2017-12-05 10:00:20
1853,6.42612,11.42870,7.39398,2017-12-05 10:00:27
